State,County,Income
Alabama,Autauga,"48,914"
Alabama,Baldwin,"55,865"
Alabama,Barbour,"40,795"
Alabama,Bibb,"37,175"
Alabama,Blount,"42,852"
Alabama,Bullock,"32,903"
Alabama,Butler,"45,213"
Alabama,Calhoun,"43,045"
Alabama,Chambers,"38,929"
Alabama,Cherokee,"44,622"
Alabama,Chilton,"42,012"
Alabama,Choctaw,"43,289"
Alabama,Clarke,"44,784"
Alabama,Clay,"38,770"
Alabama,Cleburne,"42,777"
Alabama,Coffee,"50,028"
Alabama,Colbert,"43,782"
Alabama,Conecuh,"40,467"
Alabama,Coosa,"38,500"
Alabama,Covington,"41,679"
Alabama,Crenshaw,"45,585"
Alabama,Cullman,"46,762"
Alabama,Dale,"44,101"
Alabama,Dallas,"42,158"
Alabama,DeKalb,"40,068"
Alabama,Elmore,"48,442"
Alabama,Escambia,"39,770"
Alabama,Etowah,"42,571"
Alabama,Fayette,"41,890"
Alabama,Franklin,"40,049"
Alabama,Geneva,"41,771"
Alabama,Greene,"39,661"
Alabama,Hale,"44,293"
Alabama,Henry,"51,489"
Alabama,Houston,"51,215"
Alabama,Jackson,"43,061"
Alabama,Jefferson,"64,006"
Alabama,Lamar,"39,585"
Alabama,Lauderdale,"44,530"
Alabama,Lawrence,"42,081"
Alabama,Lee,"45,046"
Alabama,Limestone,"52,876"
Alabama,Lowndes,"47,285"
Alabama,Macon,"37,946"
Alabama,Madison,"60,198"
Alabama,Marengo,"46,837"
Alabama,Marion,"41,264"
Alabama,Marshall,"45,298"
Alabama,Mobile,"47,372"
Alabama,Monroe,"42,105"
Alabama,Montgomery,"49,165"
Alabama,Morgan,"46,248"
Alabama,Perry,"39,995"
Alabama,Pickens,"42,738"
Alabama,Pike,"45,430"
Alabama,Randolph,"41,647"
Alabama,Russell,"39,584"
Alabama,St. Clair,"47,088"
Alabama,Shelby,"64,523"
Alabama,Sumter,"38,899"
Alabama,Talladega,"41,256"
Alabama,Tallapoosa,"47,953"
Alabama,Tuscaloosa,"40,964"
Alabama,Walker,"45,994"
Alabama,Washington,"43,810"
Alabama,Wilcox,"39,538"
Alabama,Winston,"42,066"
Alaska,Alaska,"65,662"
Alaska,Aleutians East Borough,"58,769"
Alaska,Aleutians West Census Area,"63,537"
Alaska,Anchorage Municipality,"72,331"
Alaska,Bethel Census Area,"46,535"
Alaska,Bristol Bay Borough,"155,951"
Alaska,Chugach Census Area,"68,702"
Alaska,Copper River Census Area,"57,179"
Alaska,Denali Borough,"107,766"
Alaska,Dillingham Census Area,"57,703"
Alaska,Fairbanks North Star Borough,"65,243"
Alaska,Haines Borough,"78,623"
Alaska,Hoonah-Angoon Census Area,"58,965"
Alaska,Juneau City and Borough,"74,872"
Alaska,Kenai Peninsula Borough,"59,626"
Alaska,Ketchikan Gateway Borough,"69,043"
Alaska,Kodiak Island Borough,"68,188"
Alaska,Kusilvak Census Area,"35,394"
Alaska,Lake and Peninsula Borough,"63,407"
Alaska,Matanuska-Susitna Borough,"55,049"
Alaska,Nome Census Area,"56,983"
Alaska,North Slope Borough,"70,272"
Alaska,Northwest Arctic Borough,"51,860"
Alaska,Petersburg Borough,"76,104"
Alaska,Prince of Wales-Hyder Census Area,"51,360"
Alaska,Sitka City and Borough,"75,822"
Alaska,Skagway Municipality,"67,477"
Alaska,Southeast Fairbanks Census Area,"58,798"
Alaska,Wrangell City and Borough,"59,141"
Alaska,Yakutat City and Borough,"61,535"
Alaska,Yukon-Koyukuk Census Area,"61,353"
Alaska,,
Alaska,Arizona,"56,420"
Alaska,Apache,"45,817"
Alaska,Cochise,"49,445"
Alaska,Coconino,"56,505"
Alaska,Gila,"49,250"
Alaska,Graham,"39,014"
Alaska,Greenlee,"48,193"
Alaska,La Paz,"51,897"
Alaska,Maricopa,"61,008"
Alaska,Mohave,"42,777"
Alaska,Navajo,"42,102"
Alaska,Pima,"53,034"
Alaska,Pinal,"44,574"
Alaska,Santa Cruz,"47,119"
Alaska,Yavapai,"50,065"
Alaska,Yuma,"44,285"
Arkansas,Arkansas,"59,129"
Arkansas,Ashley,"43,178"
Arkansas,Baxter,"43,971"
Arkansas,Benton,"94,227"
Arkansas,Boone,"42,474"
Arkansas,Bradley,"46,851"
Arkansas,Calhoun,"45,906"
Arkansas,Carroll,"40,903"
Arkansas,Chicot,"48,652"
Arkansas,Clark,"42,816"
Arkansas,Clay,"44,611"
Arkansas,Cleburne,"47,640"
Arkansas,Cleveland,"47,838"
Arkansas,Columbia,"44,008"
Arkansas,Conway,"45,958"
Arkansas,Craighead,"46,746"
Arkansas,Crawford,"41,293"
Arkansas,Crittenden,"45,226"
Arkansas,Cross,"42,803"
Arkansas,Dallas,"46,351"
Arkansas,Desha,"49,934"
Arkansas,Drew,"46,141"
Arkansas,Faulkner,"47,383"
Arkansas,Franklin,"40,598"
Arkansas,Fulton,"34,739"
Arkansas,Garland,"47,762"
Arkansas,Grant,"45,341"
Arkansas,Greene,"41,554"
Arkansas,Hempstead,"40,520"
Arkansas,Hot Spring,"37,551"
Arkansas,Howard,"43,359"
Arkansas,Independence,"43,048"
Arkansas,Izard,"34,443"
Arkansas,Jackson,"44,141"
Arkansas,Jefferson,"41,301"
Arkansas,Johnson,"35,090"
Arkansas,Lafayette,"47,346"
Arkansas,Lawrence,"40,422"
Arkansas,Lee,"39,589"
Arkansas,Lincoln,"33,245"
Arkansas,Little River,"40,902"
Arkansas,Logan,"39,072"
Arkansas,Lonoke,"47,982"
Arkansas,Madison,"43,025"
Arkansas,Marion,"37,115"
Arkansas,Miller,"40,433"
Arkansas,Mississippi,"45,431"
Arkansas,Monroe,"42,735"
Arkansas,Montgomery,"37,495"
Arkansas,Nevada,"39,114"
Arkansas,Newton,"38,339"
Arkansas,Ouachita,"46,915"
Arkansas,Perry,"43,323"
Arkansas,Phillips,"46,476"
Arkansas,Pike,"40,466"
Arkansas,Poinsett,"43,231"
Arkansas,Polk,"37,993"
Arkansas,Pope,"41,393"
Arkansas,Prairie,"44,301"
Arkansas,Pulaski,"60,465"
Arkansas,Randolph,"40,175"
Arkansas,St. Francis,"36,972"
Arkansas,Saline,"51,191"
Arkansas,Scott,"37,889"
Arkansas,Searcy,"34,618"
Arkansas,Sebastian,"47,834"
Arkansas,Sevier,"41,789"
Arkansas,Sharp,"41,195"
Arkansas,Stone,"37,248"
Arkansas,Union,"49,854"
Arkansas,Van Buren,"39,055"
Arkansas,Washington,"48,826"
Arkansas,White,"43,223"
Arkansas,Woodruff,"50,500"
Arkansas,Yell,"41,968"
California,Alameda,"98,657"
California,Alpine,"69,869"
California,Amador,"49,980"
California,Butte,"56,011"
California,Calaveras,"56,723"
California,Colusa,"59,102"
California,Contra Costa,"94,834"
California,Del Norte,"44,708"
California,El Dorado,"79,736"
California,Fresno,"51,692"
California,Glenn,"52,251"
California,Humboldt,"54,214"
California,Imperial,"48,228"
California,Inyo,"60,944"
California,Kern,"46,651"
California,Kings,"43,818"
California,Lake,"46,852"
California,Lassen,"41,151"
California,Los Angeles,"73,385"
California,Madera,"47,533"
California,Marin,"165,673"
California,Mariposa,"60,584"
California,Mendocino,"56,701"
California,Merced,"47,574"
California,Modoc,"55,646"
California,Mono,"62,909"
California,Monterey,"64,799"
California,Napa,"87,422"
California,Nevada,"70,883"
California,Orange,"81,567"
California,Placer,"79,711"
California,Plumas,"58,692"
California,Riverside,"51,468"
California,Sacramento,"61,775"
California,San Benito,"62,148"
California,San Bernardino,"49,570"
California,San Diego,"73,350"
California,San Francisco,"159,968"
California,San Joaquin,"55,827"
California,San Luis Obispo,"68,717"
California,San Mateo,"174,668"
California,Santa Barbara,"76,910"
California,Santa Clara,"144,552"
California,Santa Cruz,"88,997"
California,Shasta,"54,546"
California,Sierra,"46,767"
California,Siskiyou,"52,474"
California,Solano,"59,873"
California,Sonoma,"78,558"
California,Stanislaus,"52,130"
California,Sutter,"53,408"
California,Tehama,"47,750"
California,Trinity,"35,204"
California,Tulare,"48,626"
California,Tuolumne,"53,216"
California,Ventura,"74,527"
California,Yolo,"66,308"
California,Yuba,"49,013"
Colorado,Adams,"53,185"
Colorado,Alamosa,"43,991"
Colorado,Arapahoe,"72,518"
Colorado,Archuleta,"54,076"
Colorado,Baca,"50,030"
Colorado,Bent,"35,097"
Colorado,Boulder,"93,472"
Colorado,Broomfield,"81,176"
Colorado,Chaffee,"62,699"
Colorado,Cheyenne,"68,712"
Colorado,Clear Creek,"73,090"
Colorado,Conejos,"45,543"
Colorado,Costilla,"41,146"
Colorado,Crowley,"25,050"
Colorado,Custer,"51,005"
Colorado,Delta,"46,231"
Colorado,Denver,"103,180"
Colorado,Dolores,"40,752"
Colorado,Douglas,"90,447"
Colorado,Eagle,"103,440"
Colorado,Elbert,"71,818"
Colorado,El Paso,"59,716"
Colorado,Fremont,"41,902"
Colorado,Garfield,"61,395"
Colorado,Gilpin,"62,515"
Colorado,Grand,"64,001"
Colorado,Gunnison,"62,551"
Colorado,Hinsdale,"56,331"
Colorado,Huerfano,"49,647"
Colorado,Jackson,"60,513"
Colorado,Jefferson,"75,899"
Colorado,Kiowa,"68,255"
Colorado,Kit Carson,"52,606"
Colorado,Lake,"48,546"
Colorado,La Plata,"66,115"
Colorado,Larimer,"65,501"
Colorado,Las Animas,"44,585"
Colorado,Lincoln,"37,901"
Colorado,Logan,"49,575"
Colorado,Mesa,"53,194"
Colorado,Mineral,"63,336"
Colorado,Moffat,"46,306"
Colorado,Montezuma,"51,642"
Colorado,Montrose,"50,585"
Colorado,Morgan,"52,067"
Colorado,Otero,"42,181"
Colorado,Ouray,"83,281"
Colorado,Park,"58,026"
Colorado,Phillips,"51,266"
Colorado,Pitkin,"195,299"
Colorado,Prowers,"45,566"
Colorado,Pueblo,"46,883"
Colorado,Rio Blanco,"55,788"
Colorado,Rio Grande,"55,695"
Colorado,Routt,"109,021"
Colorado,Saguache,"43,155"
Colorado,San Juan,"56,911"
Colorado,San Miguel,"125,547"
Colorado,Sedgwick,"51,613"
Colorado,Summit,"86,289"
Colorado,Teller,"62,821"
Colorado,Washington,"47,498"
Colorado,Weld,"56,592"
Colorado,Yuma,"49,825"
Connecticut,Fairfield,"119,982"
Connecticut,Hartford,"69,487"
Connecticut,Litchfield,"76,129"
Connecticut,Middlesex,"73,081"
Connecticut,New Haven,"63,599"
Connecticut,New London,"64,182"
Connecticut,Tolland,"60,304"
Connecticut,Windham,"53,289"
Delaware,Kent,"49,316"
Delaware,New Castle,"60,706"
Delaware,Sussex,"61,815"
Georgia,Appling,"42,693"
Georgia,Atkinson,"35,210"
Georgia,Bacon,"39,057"
Georgia,Baker,"50,236"
Georgia,Baldwin,"42,144"
Georgia,Banks,"42,335"
Georgia,Barrow,"45,781"
Georgia,Bartow,"47,617"
Georgia,Ben Hill,"39,215"
Georgia,Berrien,"39,785"
Georgia,Bibb,"47,550"
Georgia,Bleckley,"42,520"
Georgia,Brantley,"35,115"
Georgia,Brooks,"40,041"
Georgia,Bryan,"56,017"
Georgia,Bulloch,"39,375"
Georgia,Burke,"41,852"
Georgia,Butts,"41,252"
Georgia,Calhoun,"35,219"
Georgia,Camden,"43,831"
Georgia,Candler,"40,602"
Georgia,Carroll,"49,127"
Georgia,Catoosa,"42,150"
Georgia,Charlton,"30,915"
Georgia,Chatham,"56,848"
Georgia,Chattahoochee,"38,530"
Georgia,Chattooga,"36,991"
Georgia,Cherokee,"63,168"
Georgia,Clarke,"40,910"
Georgia,Clay,"39,388"
Georgia,Clayton,"34,575"
Georgia,Clinch,"41,910"
Georgia,Cobb,"68,273"
Georgia,Coffee,"40,811"
Georgia,Colquitt,"41,085"
Georgia,Columbia,"58,773"
Georgia,Cook,"39,968"
Georgia,Coweta,"57,721"
Georgia,Crawford,"40,216"
Georgia,Crisp,"45,832"
Georgia,Dade,"40,794"
Georgia,Dawson,"57,898"
Georgia,Decatur,"42,311"
Georgia,DeKalb,"62,588"
Georgia,Dodge,"37,790"
Georgia,Dooly,"44,318"
Georgia,Dougherty,"46,317"
Georgia,Douglas,"43,855"
Georgia,Early,"43,753"
Georgia,Echols,"34,042"
Georgia,Effingham,"48,134"
Georgia,Elbert,"41,816"
Georgia,Emanuel,"39,913"
Georgia,Evans,"40,397"
Georgia,Fannin,"48,239"
Georgia,Fayette,"72,745"
Georgia,Floyd,"44,304"
Georgia,Forsyth,"74,888"
Georgia,Franklin,"40,700"
Georgia,Fulton,"101,688"
Georgia,Gilmer,"43,216"
Georgia,Glascock,"40,287"
Georgia,Glynn,"58,513"
Georgia,Gordon,"42,973"
Georgia,Grady,"39,012"
Georgia,Greene,"74,348"
Georgia,Gwinnett,"50,121"
Georgia,Habersham,"39,411"
Georgia,Hall,"55,175"
Georgia,Hancock,"34,989"
Georgia,Haralson,"44,439"
Georgia,Harris,"57,086"
Georgia,Hart,"44,058"
Georgia,Heard,"40,731"
Georgia,Henry,"46,657"
Georgia,Houston,"49,215"
Georgia,Irwin,"42,407"
Georgia,Jackson,"51,967"
Georgia,Jasper,"46,114"
Georgia,Jeff Davis,"37,473"
Georgia,Jefferson,"42,752"
Georgia,Jenkins,"37,132"
Georgia,Johnson,"34,010"
Georgia,Jones,"44,451"
Georgia,Lamar,"43,371"
Georgia,Lanier,"35,444"
Georgia,Laurens,"43,821"
Georgia,Lee,"51,314"
Georgia,Liberty,"40,692"
Georgia,Lincoln,"47,353"
Georgia,Long,"40,090"
Georgia,Lowndes,"44,477"
Georgia,Lumpkin,"47,783"
Georgia,McDuffie,"43,733"
Georgia,McIntosh,"47,733"
Georgia,Macon,"39,600"
Georgia,Madison,"43,702"
Georgia,Marion,"38,321"
Georgia,Meriwether,"44,167"
Georgia,Miller,"52,357"
Georgia,Mitchell,"43,784"
Georgia,Monroe,"53,965"
Georgia,Montgomery,"38,210"
Georgia,Morgan,"58,058"
Georgia,Murray,"37,075"
Georgia,Muscogee,"48,080"
Georgia,Newton,"41,815"
Georgia,Oconee,"76,252"
Georgia,Oglethorpe,"44,545"
Georgia,Paulding,"46,884"
Georgia,Peach,"44,734"
Georgia,Pickens,"58,572"
Georgia,Pierce,"41,747"
Georgia,Pike,"49,130"
Georgia,Polk,"39,300"
Georgia,Pulaski,"42,590"
Georgia,Putnam,"53,678"
Georgia,Quitman,"37,213"
Georgia,Rabun,"52,091"
Georgia,Randolph,"43,575"
Georgia,Richmond,"43,706"
Georgia,Rockdale,"41,988"
Georgia,Schley,"43,260"
Georgia,Screven,"40,782"
Georgia,Seminole,"47,608"
Georgia,Spalding,"42,951"
Georgia,Stephens,"43,679"
Georgia,Stewart,"33,130"
Georgia,Sumter,"43,580"
Georgia,Talbot,"46,201"
Georgia,Taliaferro,"40,684"
Georgia,Tattnall,"34,632"
Georgia,Taylor,"39,674"
Georgia,Telfair,"30,222"
Georgia,Terrell,"46,819"
Georgia,Thomas,"53,241"
Georgia,Tift,"45,381"
Georgia,Toombs,"42,723"
Georgia,Towns,"47,696"
Georgia,Treutlen,"37,701"
Georgia,Troup,"44,969"
Georgia,Turner,"38,251"
Georgia,Twiggs,"44,766"
Georgia,Union,"45,300"
Georgia,Upson,"41,489"
Georgia,Walker,"41,559"
Georgia,Walton,"50,561"
Georgia,Ware,"39,081"
Georgia,Warren,"41,327"
Georgia,Washington,"40,814"
Georgia,Wayne,"38,894"
Georgia,Webster,"40,385"
Georgia,Wheeler,"23,257"
Georgia,White,"47,944"
Georgia,Whitfield,"44,941"
Georgia,Wilcox,"32,436"
Georgia,Wilkes,"47,613"
Georgia,Wilkinson,"42,739"
Georgia,Worth,"41,792"
Hawaii,Hawaii,"50,585"
Hawaii,Honolulu,"64,193"
Hawaii,Kauai,"56,983"
Hawaii,Maui + Kalawao,"60,287"
Idaho,Ada,"64,113"
Idaho,Adams,"42,499"
Idaho,Bannock,"46,362"
Idaho,Bear Lake,"46,141"
Idaho,Benewah,"44,159"
Idaho,Bingham,"45,218"
Idaho,Blaine,"146,618"
Idaho,Boise,"51,106"
Idaho,Bonner,"51,235"
Idaho,Bonneville,"61,768"
Idaho,Boundary,"46,100"
Idaho,Butte,"49,912"
Idaho,Camas,"54,503"
Idaho,Canyon,"43,676"
Idaho,Caribou,"45,940"
Idaho,Cassia,"50,609"
Idaho,Clark,"41,290"
Idaho,Clearwater,"42,599"
Idaho,Custer,"48,762"
Idaho,Elmore,"42,575"
Idaho,Franklin,"44,036"
Idaho,Fremont (includes Yellowstone National Park),"44,513"
Idaho,Gem,"45,380"
Idaho,Gooding,"63,627"
Idaho,Idaho,"44,130"
Idaho,Jefferson,"43,633"
Idaho,Jerome,"43,198"
Idaho,Kootenai,"57,652"
Idaho,Latah,"51,378"
Idaho,Lemhi,"51,920"
Idaho,Lewis,"58,994"
Idaho,Lincoln,"45,382"
Idaho,Madison,"27,212"
Idaho,Minidoka,"45,297"
Idaho,Nez Perce,"51,923"
Idaho,Oneida,"45,526"
Idaho,Owyhee,"44,735"
Idaho,Payette,"46,224"
Idaho,Power,"42,234"
Idaho,Shoshone,"44,972"
Idaho,Teton,"57,376"
Idaho,Twin Falls,"47,217"
Idaho,Valley,"61,529"
Idaho,Washington,"41,301"
Illinois,Adams,"56,077"
Illinois,Alexander,"49,757"
Illinois,Bond,"45,397"
Illinois,Boone,"55,444"
Illinois,Brown,"44,437"
Illinois,Bureau,"52,339"
Illinois,Calhoun,"55,169"
Illinois,Carroll,"51,292"
Illinois,Cass,"49,296"
Illinois,Champaign,"54,619"
Illinois,Christian,"48,907"
Illinois,Clark,"51,184"
Illinois,Clay,"50,033"
Illinois,Clinton,"57,816"
Illinois,Coles,"52,751"
Illinois,Cook,"72,979"
Illinois,Crawford,"51,798"
Illinois,Cumberland,"87,319"
Illinois,DeKalb,"50,917"
Illinois,De Witt,"57,609"
Illinois,Douglas,"61,267"
Illinois,DuPage,"86,772"
Illinois,Edgar,"55,368"
Illinois,Edwards,"50,416"
Illinois,Effingham,"61,059"
Illinois,Fayette,"45,045"
Illinois,Ford,"62,397"
Illinois,Franklin,"45,905"
Illinois,Fulton,"47,340"
Illinois,Gallatin,"54,033"
Illinois,Greene,"51,940"
Illinois,Grundy,"59,926"
Illinois,Hamilton,"54,007"
Illinois,Hancock,"56,747"
Illinois,Hardin,"45,035"
Illinois,Henderson,"54,943"
Illinois,Henry,"55,952"
Illinois,Iroquois,"55,986"
Illinois,Jackson,"47,156"
Illinois,Jasper,"56,703"
Illinois,Jefferson,"47,955"
Illinois,Jersey,"52,386"
Illinois,Jo Daviess,"57,672"
Illinois,Johnson,"39,800"
Illinois,Kane,"63,094"
Illinois,Kankakee,"51,692"
Illinois,Kendall,"57,385"
Illinois,Knox,"47,519"
Illinois,Lake,"91,061"
Illinois,LaSalle,"52,830"
Illinois,Lawrence,"40,123"
Illinois,Lee,"51,795"
Illinois,Livingston,"56,919"
Illinois,Logan,"47,957"
Illinois,McDonough,"48,639"
Illinois,McHenry,"64,203"
Illinois,McLean,"59,244"
Illinois,Macon,"56,437"
Illinois,Macoupin,"51,201"
Illinois,Madison,"55,649"
Illinois,Marion,"50,225"
Illinois,Marshall,"55,065"
Illinois,Mason,"54,857"
Illinois,Massac,"45,574"
Illinois,Menard,"57,108"
Illinois,Mercer,"58,711"
Illinois,Monroe,"68,594"
Illinois,Montgomery,"43,988"
Illinois,Morgan,"50,162"
Illinois,Moultrie,"67,555"
Illinois,Ogle,"54,105"
Illinois,Peoria,"57,149"
Illinois,Perry,"43,763"
Illinois,Piatt,"65,807"
Illinois,Pike,"58,154"
Illinois,Pope,"37,572"
Illinois,Pulaski,"46,988"
Illinois,Putnam,"66,833"
Illinois,Randolph,"47,044"
Illinois,Richland,"51,006"
Illinois,Rock Island,"49,395"
Illinois,St. Clair,"54,909"
Illinois,Saline,"46,565"
Illinois,Sangamon,"57,872"
Illinois,Schuyler,"52,500"
Illinois,Scott,"55,167"
Illinois,Shelby,"52,290"
Illinois,Stark,"61,073"
Illinois,Stephenson,"52,049"
Illinois,Tazewell,"55,357"
Illinois,Union,"48,789"
Illinois,Vermilion,"48,950"
Illinois,Wabash,"52,007"
Illinois,Warren,"52,753"
Illinois,Washington,"60,802"
Illinois,Wayne,"48,355"
Illinois,White,"56,490"
Illinois,Whiteside,"52,211"
Illinois,Will,"62,708"
Illinois,Williamson,"52,165"
Illinois,Winnebago,"50,575"
Illinois,Woodford,"61,565"
Indiana,Adams,"47,419"
Indiana,Allen,"55,795"
Indiana,Bartholomew,"59,915"
Indiana,Benton,"53,845"
Indiana,Blackford,"43,819"
Indiana,Boone,"85,736"
Indiana,Brown,"57,432"
Indiana,Carroll,"50,582"
Indiana,Cass,"47,416"
Indiana,Clark,"52,120"
Indiana,Clay,"44,962"
Indiana,Clinton,"45,620"
Indiana,Crawford,"41,583"
Indiana,Daviess,"53,843"
Indiana,Dearborn,"56,644"
Indiana,Decatur,"52,172"
Indiana,DeKalb,"54,013"
Indiana,Delaware,"45,087"
Indiana,Dubois,"62,884"
Indiana,Elkhart,"56,465"
Indiana,Fayette,"47,360"
Indiana,Floyd,"59,555"
Indiana,Fountain,"49,947"
Indiana,Franklin,"55,807"
Indiana,Fulton,"49,709"
Indiana,Gibson,"53,942"
Indiana,Grant,"46,964"
Indiana,Greene,"50,263"
Indiana,Hamilton,"89,933"
Indiana,Hancock,"59,088"
Indiana,Harrison,"52,801"
Indiana,Hendricks,"57,743"
Indiana,Henry,"46,087"
Indiana,Howard,"47,388"
Indiana,Huntington,"50,249"
Indiana,Jackson,"48,308"
Indiana,Jasper,"56,179"
Indiana,Jay,"48,826"
Indiana,Jefferson,"50,327"
Indiana,Jennings,"48,764"
Indiana,Johnson,"57,081"
Indiana,Knox,"53,820"
Indiana,Kosciusko,"56,544"
Indiana,Lagrange,"52,797"
Indiana,Lake,"52,471"
Indiana,LaPorte,"49,144"
Indiana,Lawrence,"51,546"
Indiana,Madison,"46,081"
Indiana,Marion,"66,315"
Indiana,Marshall,"51,486"
Indiana,Martin,"49,831"
Indiana,Miami,"40,779"
Indiana,Monroe,"52,696"
Indiana,Montgomery,"49,291"
Indiana,Morgan,"52,275"
Indiana,Newton,"51,110"
Indiana,Noble,"48,780"
Indiana,Ohio,"53,339"
Indiana,Orange,"44,026"
Indiana,Owen,"48,734"
Indiana,Parke,"48,238"
Indiana,Perry,"43,645"
Indiana,Pike,"47,191"
Indiana,Porter,"61,224"
Indiana,Posey,"58,380"
Indiana,Pulaski,"54,017"
Indiana,Putnam,"46,501"
Indiana,Randolph,"50,836"
Indiana,Ripley,"50,708"
Indiana,Rush,"54,845"
Indiana,St. Joseph,"55,326"
Indiana,Scott,"44,254"
Indiana,Shelby,"51,575"
Indiana,Spencer,"53,725"
Indiana,Starke,"41,917"
Indiana,Steuben,"53,605"
Indiana,Sullivan,"43,276"
Indiana,Switzerland,"41,531"
Indiana,Tippecanoe,"46,246"
Indiana,Tipton,"51,621"
Indiana,Union,"48,718"
Indiana,Vanderburgh,"55,389"
Indiana,Vermillion,"45,860"
Indiana,Vigo,"45,793"
Indiana,Wabash,"51,720"
Indiana,Warren,"52,936"
Indiana,Warrick,"66,353"
Indiana,Washington,"47,813"
Indiana,Wayne,"49,075"
Indiana,Wells,"50,851"
Indiana,White,"52,011"
Indiana,Whitley,"53,858"
Indiana,,
Indiana,Iowa,"58,049"
Indiana,Adair,"64,783"
Indiana,Adams,"64,345"
Indiana,Allamakee,"53,536"
Indiana,Appanoose,"47,001"
Indiana,Audubon,"64,561"
Indiana,Benton,"63,400"
Indiana,Black Hawk,"52,431"
Indiana,Boone,"53,520"
Indiana,Bremer,"57,634"
Indiana,Buchanan,"57,628"
Indiana,Buena Vista,"49,269"
Indiana,Butler,"57,331"
Indiana,Calhoun,"59,532"
Indiana,Carroll,"60,497"
Indiana,Cass,"56,698"
Indiana,Cedar,"62,671"
Indiana,Cerro Gordo,"61,338"
Indiana,Cherokee,"67,753"
Indiana,Chickasaw,"73,064"
Indiana,Clarke,"45,760"
Indiana,Clay,"59,372"
Indiana,Clayton,"60,701"
Indiana,Clinton,"51,474"
Indiana,Crawford,"52,996"
Indiana,Dallas,"76,813"
Indiana,Davis,"45,895"
Indiana,Decatur,"43,444"
Indiana,Delaware,"57,849"
Indiana,Des Moines,"58,622"
Indiana,Dickinson,"71,287"
Indiana,Dubuque,"58,027"
Indiana,Emmet,"51,398"
Indiana,Fayette,"50,665"
Indiana,Floyd,"56,206"
Indiana,Franklin,"61,597"
Indiana,Fremont,"61,317"
Indiana,Greene,"59,990"
Indiana,Grundy,"62,645"
Indiana,Guthrie,"65,315"
Indiana,Hamilton,"58,746"
Indiana,Hancock,"61,665"
Indiana,Hardin,"61,183"
Indiana,Harrison,"55,926"
Indiana,Henry,"49,339"
Indiana,Howard,"59,877"
Indiana,Humboldt,"57,179"
Indiana,Ida,"68,789"
Indiana,Iowa,"59,734"
Indiana,Jackson,"53,974"
Indiana,Jasper,"50,197"
Indiana,Jefferson,"53,380"
Indiana,Johnson,"60,934"
Indiana,Jones,"52,356"
Indiana,Keokuk,"54,532"
Indiana,Kossuth,"63,200"
Indiana,Lee,"49,412"
Indiana,Linn,"59,685"
Indiana,Louisa,"51,581"
Indiana,Lucas,"48,360"
Indiana,Lyon,"65,527"
Indiana,Madison,"57,314"
Indiana,Mahaska,"50,087"
Indiana,Marion,"57,927"
Indiana,Marshall,"48,899"
Indiana,Mills,"67,227"
Indiana,Mitchell,"75,311"
Indiana,Monona,"57,226"
Indiana,Monroe,"53,781"
Indiana,Montgomery,"48,838"
Indiana,Muscatine,"53,470"
Indiana,O'Brien,"60,762"
Indiana,Osceola,"57,362"
Indiana,Page,"52,360"
Indiana,Palo Alto,"58,036"
Indiana,Plymouth,"63,028"
Indiana,Pocahontas,"59,043"
Indiana,Polk,"61,908"
Indiana,Pottawattamie,"51,378"
Indiana,Poweshiek,"53,043"
Indiana,Ringgold,"57,890"
Indiana,Sac,"67,441"
Indiana,Scott,"61,380"
Indiana,Shelby,"63,076"
Indiana,Sioux,"59,185"
Indiana,Story,"48,421"
Indiana,Tama,"56,917"
Indiana,Taylor,"55,629"
Indiana,Union,"49,179"
Indiana,Van Buren,"47,167"
Indiana,Wapello,"45,210"
Indiana,Warren,"59,397"
Indiana,Washington,"71,324"
Indiana,Wayne,"52,356"
Indiana,Webster,"51,407"
Indiana,Winnebago,"51,433"
Indiana,Winneshiek,"59,174"
Indiana,Woodbury,"49,822"
Indiana,Worth,"53,655"
Indiana,Wright,"57,903"
Kansas,Allen,"48,367"
Kansas,Anderson,"54,564"
Kansas,Atchison,"44,558"
Kansas,Barber,"54,329"
Kansas,Barton,"53,073"
Kansas,Bourbon,"48,308"
Kansas,Brown,"51,797"
Kansas,Butler,"52,247"
Kansas,Chase,"60,498"
Kansas,Chautauqua,"43,868"
Kansas,Cherokee,"51,304"
Kansas,Cheyenne,"66,687"
Kansas,Clark,"55,860"
Kansas,Clay,"52,127"
Kansas,Cloud,"47,564"
Kansas,Coffey,"59,522"
Kansas,Comanche,"50,363"
Kansas,Cowley,"43,483"
Kansas,Crawford,"45,203"
Kansas,Decatur,"57,957"
Kansas,Dickinson,"49,309"
Kansas,Doniphan,"51,252"
Kansas,Douglas,"51,852"
Kansas,Edwards,"69,453"
Kansas,Elk,"43,195"
Kansas,Ellis,"54,414"
Kansas,Ellsworth,"48,229"
Kansas,Finney,"48,330"
Kansas,Ford,"47,093"
Kansas,Franklin,"49,244"
Kansas,Geary,"50,749"
Kansas,Gove,"80,922"
Kansas,Graham,"61,443"
Kansas,Grant,"45,691"
Kansas,Gray,"66,373"
Kansas,Greeley,"100,968"
Kansas,Greenwood,"47,809"
Kansas,Hamilton,"72,859"
Kansas,Harper,"60,523"
Kansas,Harvey,"50,317"
Kansas,Haskell,"73,925"
Kansas,Hodgeman,"67,197"
Kansas,Jackson,"50,394"
Kansas,Jefferson,"53,748"
Kansas,Jewell,"62,428"
Kansas,Johnson,"83,008"
Kansas,Kearny,"62,102"
Kansas,Kingman,"53,186"
Kansas,Kiowa,"55,693"
Kansas,Labette,"47,777"
Kansas,Lane,"79,716"
Kansas,Leavenworth,"49,410"
Kansas,Lincoln,"52,610"
Kansas,Linn,"47,555"
Kansas,Logan,"66,462"
Kansas,Lyon,"46,871"
Kansas,McPherson,"57,500"
Kansas,Marion,"48,660"
Kansas,Marshall,"50,423"
Kansas,Meade,"76,618"
Kansas,Miami,"58,344"
Kansas,Mitchell,"68,490"
Kansas,Montgomery,"43,372"
Kansas,Morris,"52,176"
Kansas,Morton,"56,565"
Kansas,Nemaha,"61,428"
Kansas,Neosho,"46,270"
Kansas,Ness,"68,014"
Kansas,Norton,"53,018"
Kansas,Osage,"49,947"
Kansas,Osborne,"56,887"
Kansas,Ottawa,"51,194"
Kansas,Pawnee,"49,260"
Kansas,Phillips,"66,420"
Kansas,Pottawatomie,"60,383"
Kansas,Pratt,"56,892"
Kansas,Rawlins,"79,578"
Kansas,Reno,"47,483"
Kansas,Republic,"52,839"
Kansas,Rice,"49,625"
Kansas,Riley,"48,851"
Kansas,Rooks,"49,653"
Kansas,Rush,"63,195"
Kansas,Russell,"54,598"
Kansas,Saline,"55,070"
Kansas,Scott,"62,799"
Kansas,Sedgwick,"57,356"
Kansas,Seward,"45,745"
Kansas,Shawnee,"53,830"
Kansas,Sheridan,"58,169"
Kansas,Sherman,"55,032"
Kansas,Smith,"64,222"
Kansas,Stafford,"51,809"
Kansas,Stanton,"90,913"
Kansas,Stevens,"54,888"
Kansas,Sumner,"47,378"
Kansas,Thomas,"55,220"
Kansas,Trego,"60,865"
Kansas,Wabaunsee,"56,877"
Kansas,Wallace,"63,589"
Kansas,Washington,"55,467"
Kansas,Wichita,"58,834"
Kansas,Wilson,"49,202"
Kansas,Woodson,"45,866"
Kansas,Wyandotte,"38,363"
Kentucky,Adair,"41,143"
Kentucky,Allen,"40,488"
Kentucky,Anderson,"45,387"
Kentucky,Ballard,"49,783"
Kentucky,Barren,"43,554"
Kentucky,Bath,"37,846"
Kentucky,Bell,"40,554"
Kentucky,Boone,"57,549"
Kentucky,Bourbon,"56,182"
Kentucky,Boyd,"46,202"
Kentucky,Boyle,"45,389"
Kentucky,Bracken,"44,575"
Kentucky,Breathitt,"38,890"
Kentucky,Breckinridge,"42,471"
Kentucky,Bullitt,"50,450"
Kentucky,Butler,"43,988"
Kentucky,Caldwell,"45,161"
Kentucky,Calloway,"44,871"
Kentucky,Campbell,"60,170"
Kentucky,Carlisle,"54,056"
Kentucky,Carroll,"45,169"
Kentucky,Carter,"39,157"
Kentucky,Casey,"40,176"
Kentucky,Christian,"44,728"
Kentucky,Clark,"47,818"
Kentucky,Clay,"38,722"
Kentucky,Clinton,"43,424"
Kentucky,Crittenden,"42,516"
Kentucky,Cumberland,"50,269"
Kentucky,Daviess,"49,792"
Kentucky,Edmonson,"40,370"
Kentucky,Elliott,"28,564"
Kentucky,Estill,"39,731"
Kentucky,Fayette,"58,570"
Kentucky,Fleming,"41,131"
Kentucky,Floyd,"43,160"
Kentucky,Franklin,"49,432"
Kentucky,Fulton,"41,459"
Kentucky,Gallatin,"43,124"
Kentucky,Garrard,"43,508"
Kentucky,Grant,"45,803"
Kentucky,Graves,"48,525"
Kentucky,Grayson,"42,057"
Kentucky,Green,"42,242"
Kentucky,Greenup,"47,354"
Kentucky,Hancock,"49,540"
Kentucky,Hardin,"52,412"
Kentucky,Harlan,"38,007"
Kentucky,Harrison,"43,471"
Kentucky,Hart,"40,199"
Kentucky,Henderson,"49,595"
Kentucky,Henry,"49,400"
Kentucky,Hickman,"53,695"
Kentucky,Hopkins,"46,453"
Kentucky,Jackson,"37,453"
Kentucky,Jefferson,"63,117"
Kentucky,Jessamine,"57,061"
Kentucky,Johnson,"39,389"
Kentucky,Kenton,"68,327"
Kentucky,Knott,"41,076"
Kentucky,Knox,"38,425"
Kentucky,Larue,"43,587"
Kentucky,Laurel,"41,100"
Kentucky,Lawrence,"37,852"
Kentucky,Lee,"35,022"
Kentucky,Leslie,"39,156"
Kentucky,Letcher,"39,431"
Kentucky,Lewis,"39,659"
Kentucky,Lincoln,"40,185"
Kentucky,Livingston,"45,864"
Kentucky,Logan,"45,313"
Kentucky,Lyon,"42,738"
Kentucky,McCracken,"57,198"
Kentucky,McCreary,"35,636"
Kentucky,McLean,"49,120"
Kentucky,Madison,"44,092"
Kentucky,Magoffin,"42,114"
Kentucky,Marion,"44,091"
Kentucky,Marshall,"48,096"
Kentucky,Martin,"32,500"
Kentucky,Mason,"49,224"
Kentucky,Meade,"47,011"
Kentucky,Menifee,"40,555"
Kentucky,Mercer,"43,489"
Kentucky,Metcalfe,"37,814"
Kentucky,Monroe,"43,913"
Kentucky,Montgomery,"42,600"
Kentucky,Morgan,"33,802"
Kentucky,Muhlenberg,"40,806"
Kentucky,Nelson,"52,944"
Kentucky,Nicholas,"39,933"
Kentucky,Ohio,"39,449"
Kentucky,Oldham,"74,104"
Kentucky,Owen,"40,100"
Kentucky,Owsley,"45,763"
Kentucky,Pendleton,"50,786"
Kentucky,Perry,"43,103"
Kentucky,Pike,"43,101"
Kentucky,Powell,"37,615"
Kentucky,Pulaski,"46,622"
Kentucky,Robertson,"40,988"
Kentucky,Rockcastle,"40,166"
Kentucky,Rowan,"37,697"
Kentucky,Russell,"47,186"
Kentucky,Scott,"51,804"
Kentucky,Shelby,"55,778"
Kentucky,Simpson,"44,315"
Kentucky,Spencer,"54,584"
Kentucky,Taylor,"41,061"
Kentucky,Todd,"47,402"
Kentucky,Trigg,"46,060"
Kentucky,Trimble,"47,971"
Kentucky,Union,"50,908"
Kentucky,Warren,"44,889"
Kentucky,Washington,"45,655"
Kentucky,Wayne,"38,046"
Kentucky,Webster,"47,383"
Kentucky,Whitley,"42,490"
Kentucky,Wolfe,"44,703"
Kentucky,Woodford,"60,593"
Louisiana,Acadia,"46,156"
Louisiana,Allen,"42,685"
Louisiana,Ascension,"59,430"
Louisiana,Assumption,"56,906"
Louisiana,Avoyelles,"45,358"
Louisiana,Beauregard,"50,171"
Louisiana,Bienville,"45,454"
Louisiana,Bossier,"52,287"
Louisiana,Caddo,"57,457"
Louisiana,Calcasieu,"51,485"
Louisiana,Caldwell,"41,175"
Louisiana,Cameron,"63,673"
Louisiana,Catahoula,"44,596"
Louisiana,Claiborne,"43,244"
Louisiana,Concordia,"42,566"
Louisiana,De Soto,"52,201"
Louisiana,East Baton Rouge,"60,054"
Louisiana,East Carroll,"39,065"
Louisiana,East Feliciana,"47,369"
Louisiana,Evangeline,"40,588"
Louisiana,Franklin,"40,432"
Louisiana,Grant,"37,319"
Louisiana,Iberia,"46,671"
Louisiana,Iberville,"53,525"
Louisiana,Jackson,"41,899"
Louisiana,Jefferson,"58,750"
Louisiana,Jefferson Davis,"46,875"
Louisiana,Lafayette,"59,325"
Louisiana,Lafourche,"51,350"
Louisiana,LaSalle,"37,835"
Louisiana,Lincoln,"46,908"
Louisiana,Livingston,"48,549"
Louisiana,Madison,"44,013"
Louisiana,Morehouse,"43,987"
Louisiana,Natchitoches,"48,022"
Louisiana,Orleans,"62,529"
Louisiana,Ouachita,"46,926"
Louisiana,Plaquemines,"55,422"
Louisiana,Pointe Coupee,"58,848"
Louisiana,Rapides,"53,495"
Louisiana,Red River,"53,791"
Louisiana,Richland,"45,016"
Louisiana,Sabine,"45,073"
Louisiana,St. Bernard,"42,345"
Louisiana,St. Charles,"56,796"
Louisiana,St. Helena,"47,272"
Louisiana,St. James,"63,816"
Louisiana,St. John the Baptist,"46,310"
Louisiana,St. Landry,"47,852"
Louisiana,St. Martin,"46,190"
Louisiana,St. Mary,"48,637"
Louisiana,St. Tammany,"72,939"
Louisiana,Tangipahoa,"47,748"
Louisiana,Tensas,"51,503"
Louisiana,Terrebonne,"48,195"
Louisiana,Union,"47,052"
Louisiana,Vermilion,"47,496"
Louisiana,Vernon,"47,689"
Louisiana,Washington,"41,881"
Louisiana,Webster,"49,635"
Louisiana,West Baton Rouge,"54,767"
Louisiana,West Carroll,"42,736"
Louisiana,West Feliciana,"45,329"
Louisiana,Winn,"46,528"
Louisiana,,
Louisiana,Maine,"58,687"
Louisiana,Androscoggin,"48,186"
Louisiana,Aroostook,"49,913"
Louisiana,Cumberland,"74,836"
Louisiana,Franklin,"45,839"
Louisiana,Hancock,"61,049"
Louisiana,Kennebec,"54,056"
Louisiana,Knox,"59,336"
Louisiana,Lincoln,"59,193"
Louisiana,Oxford,"45,799"
Louisiana,Penobscot,"50,753"
Louisiana,Piscataquis,"49,034"
Louisiana,Sagadahoc,"59,874"
Louisiana,Somerset,"46,752"
Louisiana,Waldo,"51,915"
Louisiana,Washington,"48,771"
Louisiana,York,"62,833"
Maryland,Allegany,"47,424"
Maryland,Anne Arundel,"76,926"
Maryland,Baltimore,"67,320"
Maryland,Calvert,"68,977"
Maryland,Caroline,"53,563"
Maryland,Carroll,"69,738"
Maryland,Cecil,"55,399"
Maryland,Charles,"62,069"
Maryland,Dorchester,"55,388"
Maryland,Frederick,"69,851"
Maryland,Garrett,"53,384"
Maryland,Harford,"66,172"
Maryland,Howard,"86,602"
Maryland,Kent,"69,001"
Maryland,Montgomery,"91,042"
Maryland,Prince George's,"53,317"
Maryland,Queen Anne's,"77,927"
Maryland,St. Mary's,"65,118"
Maryland,Somerset,"36,846"
Maryland,Talbot,"85,781"
Maryland,Washington,"53,049"
Maryland,Wicomico,"46,559"
Maryland,Worcester,"64,601"
Maryland,Baltimore City,"58,435"
Massachusetts,Massachusetts,"83,461"
Massachusetts,Barnstable,"83,891"
Massachusetts,Berkshire,"64,444"
Massachusetts,Bristol,"63,996"
Massachusetts,Dukes,"85,929"
Massachusetts,Essex,"77,593"
Massachusetts,Franklin,"62,928"
Massachusetts,Hampden,"60,710"
Massachusetts,Hampshire,"59,264"
Massachusetts,Middlesex,"99,416"
Massachusetts,Nantucket,"101,412"
Massachusetts,Norfolk,"105,984"
Massachusetts,Plymouth,"79,053"
Massachusetts,Suffolk,"97,172"
Massachusetts,Worcester,"64,477"
Michigan,Alcona,"49,942"
Michigan,Alger,"41,982"
Michigan,Allegan,"54,227"
Michigan,Alpena,"48,558"
Michigan,Antrim,"56,378"
Michigan,Arenac,"47,387"
Michigan,Baraga,"40,312"
Michigan,Barry,"53,016"
Michigan,Bay,"50,367"
Michigan,Benzie,"54,451"
Michigan,Berrien,"59,719"
Michigan,Branch,"43,064"
Michigan,Calhoun,"45,582"
Michigan,Cass,"54,661"
Michigan,Charlevoix,"64,617"
Michigan,Cheboygan,"47,642"
Michigan,Chippewa,"43,800"
Michigan,Clare,"41,227"
Michigan,Clinton,"55,662"
Michigan,Crawford,"43,337"
Michigan,Delta,"46,144"
Michigan,Dickinson,"56,024"
Michigan,Eaton,"50,778"
Michigan,Emmet,"68,593"
Michigan,Genesee,"48,161"
Michigan,Gladwin,"44,172"
Michigan,Gogebic,"47,670"
Michigan,Grand Traverse,"61,155"
Michigan,Gratiot,"43,946"
Michigan,Hillsdale,"42,728"
Michigan,Houghton,"42,771"
Michigan,Huron,"56,462"
Michigan,Ingham,"51,634"
Michigan,Ionia,"40,862"
Michigan,Iosco,"46,509"
Michigan,Iron,"48,893"
Michigan,Isabella,"45,590"
Michigan,Jackson,"46,886"
Michigan,Kalamazoo,"58,792"
Michigan,Kalkaska,"43,477"
Michigan,Kent,"65,315"
Michigan,Keweenaw,"55,497"
Michigan,Lake,"38,712"
Michigan,Lapeer,"50,739"
Michigan,Leelanau,"79,109"
Michigan,Lenawee,"47,513"
Michigan,Livingston,"67,212"
Michigan,Luce,"43,331"
Michigan,Mackinac,"52,639"
Michigan,Macomb,"53,727"
Michigan,Manistee,"46,167"
Michigan,Marquette,"47,987"
Michigan,Mason,"48,399"
Michigan,Mecosta,"44,121"
Michigan,Menominee,"47,679"
Michigan,Midland,"60,150"
Michigan,Missaukee,"44,053"
Michigan,Monroe,"52,634"
Michigan,Montcalm,"40,752"
Michigan,Montmorency,"43,429"
Michigan,Muskegon,"46,019"
Michigan,Newaygo,"44,607"
Michigan,Oakland,"81,822"
Michigan,Oceana,"45,596"
Michigan,Ogemaw,"42,417"
Michigan,Ontonagon,"46,981"
Michigan,Osceola,"45,088"
Michigan,Oscoda,"40,879"
Michigan,Otsego,"49,550"
Michigan,Ottawa,"59,069"
Michigan,Presque Isle,"46,911"
Michigan,Roscommon,"44,507"
Michigan,Saginaw,"48,577"
Michigan,St. Clair,"52,388"
Michigan,St. Joseph,"47,116"
Michigan,Sanilac,"46,897"
Michigan,Schoolcraft,"47,491"
Michigan,Shiawassee,"47,595"
Michigan,Tuscola,"44,605"
Michigan,Van Buren,"49,479"
Michigan,Washtenaw,"69,892"
Michigan,Wayne,"49,009"
Michigan,Wexford,"44,683"
Minnesota,Aitkin,"50,228"
Minnesota,Anoka,"59,002"
Minnesota,Becker,"56,258"
Minnesota,Beltrami,"51,023"
Minnesota,Benton,"53,384"
Minnesota,Big Stone,"65,566"
Minnesota,Blue Earth,"51,478"
Minnesota,Brown,"60,005"
Minnesota,Carlton,"49,897"
Minnesota,Carver,"82,905"
Minnesota,Cass,"57,731"
Minnesota,Chippewa,"54,013"
Minnesota,Chisago,"57,659"
Minnesota,Clay,"50,745"
Minnesota,Clearwater,"54,418"
Minnesota,Cook,"57,393"
Minnesota,Cottonwood,"58,588"
Minnesota,Crow Wing,"54,674"
Minnesota,Dakota,"67,665"
Minnesota,Dodge,"58,319"
Minnesota,Douglas,"61,045"
Minnesota,Faribault,"54,044"
Minnesota,Fillmore,"53,993"
Minnesota,Freeborn,"54,069"
Minnesota,Goodhue,"61,067"
Minnesota,Grant,"57,464"
Minnesota,Hennepin,"86,466"
Minnesota,Houston,"58,340"
Minnesota,Hubbard,"59,550"
Minnesota,Isanti,"52,118"
Minnesota,Itasca,"51,428"
Minnesota,Jackson,"61,343"
Minnesota,Kanabec,"51,166"
Minnesota,Kandiyohi,"57,707"
Minnesota,Kittson,"66,962"
Minnesota,Koochiching,"50,426"
Minnesota,Lac qui Parle,"63,800"
Minnesota,Lake,"53,448"
Minnesota,Lake of the Woods,"59,741"
Minnesota,Le Sueur,"59,388"
Minnesota,Lincoln,"57,383"
Minnesota,Lyon,"58,409"
Minnesota,McLeod,"56,852"
Minnesota,Mahnomen,"47,862"
Minnesota,Marshall,"72,553"
Minnesota,Martin,"60,366"
Minnesota,Meeker,"52,947"
Minnesota,Mille Lacs,"50,859"
Minnesota,Morrison,"50,615"
Minnesota,Mower,"52,709"
Minnesota,Murray,"63,830"
Minnesota,Nicollet,"56,401"
Minnesota,Nobles,"54,238"
Minnesota,Norman,"58,749"
Minnesota,Olmsted,"66,122"
Minnesota,Otter Tail,"55,912"
Minnesota,Pennington,"65,236"
Minnesota,Pine,"46,100"
Minnesota,Pipestone,"63,518"
Minnesota,Polk,"59,211"
Minnesota,Pope,"61,404"
Minnesota,Ramsey,"63,856"
Minnesota,Red Lake,"68,711"
Minnesota,Redwood,"68,997"
Minnesota,Renville,"62,335"
Minnesota,Rice,"52,411"
Minnesota,Rock,"57,570"
Minnesota,Roseau,"60,501"
Minnesota,St. Louis,"55,626"
Minnesota,Scott,"71,730"
Minnesota,Sherburne,"55,846"
Minnesota,Sibley,"58,016"
Minnesota,Stearns,"58,117"
Minnesota,Steele,"55,493"
Minnesota,Stevens,"59,873"
Minnesota,Swift,"59,464"
Minnesota,Todd,"54,237"
Minnesota,Traverse,"75,016"
Minnesota,Wabasha,"59,810"
Minnesota,Wadena,"47,138"
Minnesota,Waseca,"53,283"
Minnesota,Washington,"76,380"
Minnesota,Watonwan,"55,211"
Minnesota,Wilkin,"67,295"
Minnesota,Winona,"55,687"
Minnesota,Wright,"60,392"
Minnesota,Yellow Medicine,"62,577"
Mississippi,Adams,"45,648"
Mississippi,Alcorn,"44,193"
Mississippi,Amite,"38,598"
Mississippi,Attala,"42,979"
Mississippi,Benton,"42,160"
Mississippi,Bolivar,"48,200"
Mississippi,Calhoun,"43,053"
Mississippi,Carroll,"45,259"
Mississippi,Chickasaw,"40,938"
Mississippi,Choctaw,"41,494"
Mississippi,Claiborne,"37,283"
Mississippi,Clarke,"42,889"
Mississippi,Clay,"47,800"
Mississippi,Coahoma,"46,482"
Mississippi,Copiah,"39,628"
Mississippi,Covington,"44,187"
Mississippi,DeSoto,"51,890"
Mississippi,Forrest,"42,985"
Mississippi,Franklin,"40,662"
Mississippi,George,"39,462"
Mississippi,Greene,"33,441"
Mississippi,Grenada,"43,251"
Mississippi,Hancock,"44,878"
Mississippi,Harrison,"46,316"
Mississippi,Hinds,"47,035"
Mississippi,Holmes,"37,402"
Mississippi,Humphreys,"44,369"
Mississippi,Issaquena,"36,224"
Mississippi,Itawamba,"41,844"
Mississippi,Jackson,"45,875"
Mississippi,Jasper,"45,041"
Mississippi,Jefferson,"39,172"
Mississippi,Jefferson Davis,"36,527"
Mississippi,Jones,"44,633"
Mississippi,Kemper,"38,474"
Mississippi,Lafayette,"49,225"
Mississippi,Lamar,"48,053"
Mississippi,Lauderdale,"47,129"
Mississippi,Lawrence,"43,032"
Mississippi,Leake,"40,301"
Mississippi,Lee,"52,406"
Mississippi,Leflore,"50,036"
Mississippi,Lincoln,"44,397"
Mississippi,Lowndes,"47,941"
Mississippi,Madison,"76,927"
Mississippi,Marion,"41,250"
Mississippi,Marshall,"44,391"
Mississippi,Monroe,"44,289"
Mississippi,Montgomery,"42,267"
Mississippi,Neshoba,"44,273"
Mississippi,Newton,"41,248"
Mississippi,Noxubee,"45,202"
Mississippi,Oktibbeha,"39,418"
Mississippi,Panola,"42,386"
Mississippi,Pearl River,"43,326"
Mississippi,Perry,"37,591"
Mississippi,Pike,"37,710"
Mississippi,Pontotoc,"42,520"
Mississippi,Prentiss,"38,465"
Mississippi,Quitman,"42,673"
Mississippi,Rankin,"52,636"
Mississippi,Scott,"38,040"
Mississippi,Sharkey,"53,238"
Mississippi,Simpson,"44,942"
Mississippi,Smith,"45,239"
Mississippi,Stone,"39,762"
Mississippi,Sunflower,"37,991"
Mississippi,Tallahatchie,"43,085"
Mississippi,Tate,"44,775"
Mississippi,Tippah,"44,547"
Mississippi,Tishomingo,"41,836"
Mississippi,Tunica,"43,065"
Mississippi,Union,"41,401"
Mississippi,Walthall,"38,578"
Mississippi,Warren,"48,589"
Mississippi,Washington,"45,649"
Mississippi,Wayne,"42,700"
Mississippi,Webster,"44,969"
Mississippi,Wilkinson,"36,909"
Mississippi,Winston,"43,450"
Mississippi,Yalobusha,"42,942"
Mississippi,Yazoo,"37,590"
Missouri,Adair,"36,919"
Missouri,Andrew,"50,506"
Missouri,Atchison,"53,650"
Missouri,Audrain,"43,626"
Missouri,Barry,"41,410"
Missouri,Barton,"42,419"
Missouri,Bates,"47,311"
Missouri,Benton,"43,115"
Missouri,Bollinger,"44,894"
Missouri,Boone,"54,260"
Missouri,Buchanan,"46,613"
Missouri,Butler,"42,945"
Missouri,Caldwell,"45,115"
Missouri,Callaway,"45,214"
Missouri,Camden,"54,076"
Missouri,Cape Girardeau,"48,394"
Missouri,Carroll,"56,435"
Missouri,Carter,"44,908"
Missouri,Cass,"54,169"
Missouri,Cedar,"36,272"
Missouri,Chariton,"51,535"
Missouri,Christian,"48,494"
Missouri,Clark,"43,654"
Missouri,Clay,"55,214"
Missouri,Clinton,"47,489"
Missouri,Cole,"54,913"
Missouri,Cooper,"49,543"
Missouri,Crawford,"43,306"
Missouri,Dade,"41,182"
Missouri,Dallas,"38,682"
Missouri,Daviess,"37,792"
Missouri,DeKalb,"35,685"
Missouri,Dent,"41,410"
Missouri,Douglas,"37,601"
Missouri,Dunklin,"43,551"
Missouri,Franklin,"52,066"
Missouri,Gasconade,"46,030"
Missouri,Gentry,"50,472"
Missouri,Greene,"50,365"
Missouri,Grundy,"40,924"
Missouri,Harrison,"43,645"
Missouri,Henry,"48,358"
Missouri,Hickory,"38,960"
Missouri,Holt,"57,862"
Missouri,Howard,"47,819"
Missouri,Howell,"40,430"
Missouri,Iron,"40,962"
Missouri,Jackson,"52,436"
Missouri,Jasper,"43,402"
Missouri,Jefferson,"49,802"
Missouri,Johnson,"46,616"
Missouri,Knox,"43,668"
Missouri,Laclede,"42,233"
Missouri,Lafayette,"49,577"
Missouri,Lawrence,"39,561"
Missouri,Lewis,"41,052"
Missouri,Lincoln,"48,179"
Missouri,Linn,"45,104"
Missouri,Livingston,"47,636"
Missouri,McDonald,"34,982"
Missouri,Macon,"47,858"
Missouri,Madison,"40,455"
Missouri,Maries,"41,106"
Missouri,Marion,"47,763"
Missouri,Mercer,"39,291"
Missouri,Miller,"43,294"
Missouri,Mississippi,"41,414"
Missouri,Moniteau,"45,290"
Missouri,Monroe,"47,598"
Missouri,Montgomery,"49,352"
Missouri,Morgan,"44,431"
Missouri,New Madrid,"49,560"
Missouri,Newton,"44,900"
Missouri,Nodaway,"39,999"
Missouri,Oregon,"42,847"
Missouri,Osage,"50,763"
Missouri,Ozark,"38,926"
Missouri,Pemiscot,"46,633"
Missouri,Perry,"48,271"
Missouri,Pettis,"43,430"
Missouri,Phelps,"43,902"
Missouri,Pike,"41,025"
Missouri,Platte,"65,615"
Missouri,Polk,"41,427"
Missouri,Pulaski,"44,888"
Missouri,Putnam,"42,307"
Missouri,Ralls,"46,889"
Missouri,Randolph,"47,977"
Missouri,Ray,"47,571"
Missouri,Reynolds,"40,342"
Missouri,Ripley,"45,048"
Missouri,St. Charles,"62,225"
Missouri,St. Clair,"36,989"
Missouri,Ste. Genevieve,"46,786"
Missouri,St. Francois,"41,026"
Missouri,St. Louis,"87,474"
Missouri,Saline,"44,915"
Missouri,Schuyler,"39,709"
Missouri,Scotland,"46,979"
Missouri,Scott,"48,843"
Missouri,Shannon,"40,938"
Missouri,Shelby,"49,063"
Missouri,Stoddard,"46,210"
Missouri,Stone,"46,590"
Missouri,Sullivan,"45,592"
Missouri,Taney,"43,685"
Missouri,Texas,"36,586"
Missouri,Vernon,"42,344"
Missouri,Warren,"49,910"
Missouri,Washington,"37,285"
Missouri,Wayne,"41,702"
Missouri,Webster,"41,029"
Missouri,Worth,"41,890"
Missouri,Wright,"38,509"
Missouri,St. Louis City,"53,965"
Montana,Beaverhead,"55,636"
Montana,Big Horn,"36,109"
Montana,Blaine,"32,815"
Montana,Broadwater,"49,643"
Montana,Carbon,"64,523"
Montana,Carter,"37,769"
Montana,Cascade,"54,549"
Montana,Chouteau,"40,361"
Montana,Custer,"49,846"
Montana,Daniels,"54,875"
Montana,Dawson,"47,756"
Montana,Deer Lodge,"46,892"
Montana,Fallon,"49,496"
Montana,Fergus,"47,976"
Montana,Flathead,"61,389"
Montana,Gallatin,"75,990"
Montana,Garfield,"33,883"
Montana,Glacier,"40,962"
Montana,Golden Valley,"51,303"
Montana,Granite,"55,859"
Montana,Hill,"50,097"
Montana,Jefferson,"58,739"
Montana,Judith Basin,"45,304"
Montana,Lake,"46,617"
Montana,Lewis and Clark,"58,278"
Montana,Liberty,"54,887"
Montana,Lincoln,"44,670"
Montana,McCone,"48,025"
Montana,Madison,"66,830"
Montana,Meagher,"45,957"
Montana,Mineral,"45,474"
Montana,Missoula,"61,813"
Montana,Musselshell,"48,624"
Montana,Park,"59,297"
Montana,Petroleum,"26,529"
Montana,Phillips,"42,371"
Montana,Pondera,"53,094"
Montana,Powder River,"37,015"
Montana,Powell,"48,000"
Montana,Prairie,"48,134"
Montana,Ravalli,"57,933"
Montana,Richland,"61,094"
Montana,Roosevelt,"41,762"
Montana,Rosebud,"52,971"
Montana,Sanders,"44,417"
Montana,Sheridan,"52,319"
Montana,Silver Bow,"54,695"
Montana,Stillwater,"65,637"
Montana,Sweet Grass,"56,172"
Montana,Teton,"51,937"
Montana,Toole,"50,773"
Montana,Treasure,"44,079"
Montana,Valley,"56,153"
Montana,Wheatland,"43,032"
Montana,Wibaux,"45,971"
Montana,Yellowstone,"61,444"
Nebraska,Adams,"59,143"
Nebraska,Antelope,"76,135"
Nebraska,Arthur,"52,002"
Nebraska,Banner,"65,537"
Nebraska,Blaine,"58,297"
Nebraska,Boone,"75,278"
Nebraska,Box Butte,"56,881"
Nebraska,Boyd,"77,058"
Nebraska,Brown,"66,787"
Nebraska,Buffalo,"63,090"
Nebraska,Burt,"58,751"
Nebraska,Butler,"61,699"
Nebraska,Cass,"63,038"
Nebraska,Cedar,"68,427"
Nebraska,Chase,"74,217"
Nebraska,Cherry,"57,482"
Nebraska,Cheyenne,"49,965"
Nebraska,Clay,"67,098"
Nebraska,Colfax,"57,045"
Nebraska,Cuming,"77,890"
Nebraska,Custer,"61,861"
Nebraska,Dakota,"49,692"
Nebraska,Dawes,"48,428"
Nebraska,Dawson,"52,255"
Nebraska,Deuel,"46,581"
Nebraska,Dixon,"57,392"
Nebraska,Dodge,"56,967"
Nebraska,Douglas,"69,494"
Nebraska,Dundy,"90,133"
Nebraska,Fillmore,"70,246"
Nebraska,Franklin,"65,997"
Nebraska,Frontier,"57,034"
Nebraska,Furnas,"62,426"
Nebraska,Gage,"60,506"
Nebraska,Garden,"54,767"
Nebraska,Garfield,"51,279"
Nebraska,Gosper,"68,870"
Nebraska,Grant,"54,695"
Nebraska,Greeley,"69,429"
Nebraska,Hall,"53,097"
Nebraska,Hamilton,"67,986"
Nebraska,Harlan,"66,766"
Nebraska,Hayes,"90,000"
Nebraska,Hitchcock,"60,120"
Nebraska,Holt,"68,581"
Nebraska,Hooker,"44,294"
Nebraska,Howard,"57,793"
Nebraska,Jefferson,"58,782"
Nebraska,Johnson,"44,011"
Nebraska,Kearney,"72,466"
Nebraska,Keith,"54,034"
Nebraska,Keya Paha,"59,846"
Nebraska,Kimball,"53,129"
Nebraska,Knox,"58,946"
Nebraska,Lancaster,"59,148"
Nebraska,Lincoln,"61,767"
Nebraska,Logan,"55,168"
Nebraska,Loup,"65,232"
Nebraska,McPherson,"59,652"
Nebraska,Madison,"60,940"
Nebraska,Merrick,"57,699"
Nebraska,Morrill,"69,598"
Nebraska,Nance,"54,811"
Nebraska,Nemaha,"58,656"
Nebraska,Nuckolls,"69,251"
Nebraska,Otoe,"59,324"
Nebraska,Pawnee,"60,006"
Nebraska,Perkins,"90,733"
Nebraska,Phelps,"66,650"
Nebraska,Pierce,"74,110"
Nebraska,Platte,"57,063"
Nebraska,Polk,"68,331"
Nebraska,Red Willow,"55,324"
Nebraska,Richardson,"61,220"
Nebraska,Rock,"78,263"
Nebraska,Saline,"53,826"
Nebraska,Sarpy,"59,912"
Nebraska,Saunders,"64,918"
Nebraska,Scotts Bluff,"52,336"
Nebraska,Seward,"59,935"
Nebraska,Sheridan,"63,546"
Nebraska,Sherman,"60,558"
Nebraska,Sioux,"71,425"
Nebraska,Stanton,"60,387"
Nebraska,Thayer,"69,458"
Nebraska,Thomas,"60,478"
Nebraska,Thurston,"57,308"
Nebraska,Valley,"63,629"
Nebraska,Washington,"67,469"
Nebraska,Wayne,"52,428"
Nebraska,Webster,"58,623"
Nebraska,Wheeler,"67,539"
Nebraska,York,"61,031"
Nevada,Churchill,"55,338"
Nevada,Clark,"58,388"
Nevada,Douglas,"95,082"
Nevada,Elko,"53,482"
Nevada,Esmeralda,"64,078"
Nevada,Eureka,"48,166"
Nevada,Humboldt,"54,126"
Nevada,Lander,"73,534"
Nevada,Lincoln,"51,286"
Nevada,Lyon,"46,646"
Nevada,Mineral,"48,400"
Nevada,Nye,"42,898"
Nevada,Pershing,"41,568"
Nevada,Storey,"77,324"
Nevada,Washoe,"75,348"
Nevada,White Pine,"58,546"
Nevada,Carson City,"59,579"
New Hampshire,Belknap,"71,217"
New Hampshire,Carroll,"70,166"
New Hampshire,Cheshire,"65,196"
New Hampshire,Coos,"52,797"
New Hampshire,Grafton,"74,404"
New Hampshire,Hillsborough,"69,833"
New Hampshire,Merrimack,"67,185"
New Hampshire,Rockingham,"87,347"
New Hampshire,Strafford,"60,558"
New Hampshire,Sullivan,"63,657"
New Jersey,Atlantic,"57,351"
New Jersey,Bergen,"94,654"
New Jersey,Burlington,"69,619"
New Jersey,Camden,"61,023"
New Jersey,Cape May,"73,458"
New Jersey,Cumberland,"48,073"
New Jersey,Essex,"74,873"
New Jersey,Gloucester,"62,338"
New Jersey,Hudson,"72,709"
New Jersey,Hunterdon,"98,146"
New Jersey,Mercer,"77,984"
New Jersey,Middlesex,"69,931"
New Jersey,Monmouth,"91,247"
New Jersey,Morris,"107,660"
New Jersey,Ocean,"59,386"
New Jersey,Passaic,"57,951"
New Jersey,Salem,"55,067"
New Jersey,Somerset,"106,848"
New Jersey,Sussex,"70,291"
New Jersey,Union,"75,285"
New Jersey,Warren,"61,960"
New Mexico,Bernalillo,"54,551"
New Mexico,Catron,"38,929"
New Mexico,Chaves,"46,647"
New Mexico,Cibola,"33,845"
New Mexico,Colfax,"49,012"
New Mexico,Curry,"51,328"
New Mexico,De Baca,"54,008"
New Mexico,Doña Ana,"45,649"
New Mexico,Eddy,"64,865"
New Mexico,Grant,"48,772"
New Mexico,Guadalupe,"43,708"
New Mexico,Harding,"44,223"
New Mexico,Hidalgo,"50,254"
New Mexico,Lea,"47,708"
New Mexico,Lincoln,"49,885"
New Mexico,Los Alamos,"82,828"
New Mexico,Luna,"38,804"
New Mexico,McKinley,"35,211"
New Mexico,Mora,"50,333"
New Mexico,Otero,"41,977"
New Mexico,Quay,"44,473"
New Mexico,Rio Arriba,"42,707"
New Mexico,Roosevelt,"46,503"
New Mexico,Sandoval,"51,906"
New Mexico,San Juan,"43,031"
New Mexico,San Miguel,"44,445"
New Mexico,Santa Fe,"72,940"
New Mexico,Sierra,"48,941"
New Mexico,Socorro,"42,672"
New Mexico,Taos,"46,351"
New Mexico,Torrance,"42,304"
New Mexico,Union,"42,022"
New Mexico,Valencia,"43,379"
New York,Albany,"73,409"
New York,Allegany,"42,166"
New York,Bronx,"44,020"
New York,Broome,"50,152"
New York,Cattaraugus,"46,428"
New York,Cayuga,"51,789"
New York,Chautauqua,"47,436"
New York,Chemung,"51,797"
New York,Chenango,"49,953"
New York,Clinton,"50,930"
New York,Columbia,"68,369"
New York,Cortland,"48,307"
New York,Delaware,"47,173"
New York,Dutchess,"67,260"
New York,Erie,"57,900"
New York,Essex,"54,768"
New York,Franklin,"49,293"
New York,Fulton,"50,683"
New York,Genesee,"50,043"
New York,Greene,"56,454"
New York,Hamilton,"55,925"
New York,Herkimer,"50,839"
New York,Jefferson,"52,354"
New York,Kings,"62,001"
New York,Lewis,"53,785"
New York,Livingston,"50,433"
New York,Madison,"55,903"
New York,Monroe,"59,883"
New York,Montgomery,"47,853"
New York,Nassau,"97,155"
New York,New York,"193,617"
New York,Niagara,"52,103"
New York,Oneida,"52,571"
New York,Onondaga,"60,952"
New York,Ontario,"61,937"
New York,Orange,"57,555"
New York,Orleans,"46,544"
New York,Oswego,"47,944"
New York,Otsego,"51,035"
New York,Putnam,"78,363"
New York,Queens,"56,313"
New York,Rensselaer,"56,271"
New York,Richmond,"62,959"
New York,Rockland,"67,108"
New York,St. Lawrence,"45,294"
New York,Saratoga,"74,404"
New York,Schenectady,"57,088"
New York,Schoharie,"50,187"
New York,Schuyler,"49,639"
New York,Seneca,"46,848"
New York,Steuben,"54,359"
New York,Suffolk,"82,301"
New York,Sullivan,"53,931"
New York,Tioga,"51,782"
New York,Tompkins,"50,527"
New York,Ulster,"61,224"
New York,Warren,"61,193"
New York,Washington,"48,371"
New York,Wayne,"54,281"
New York,Westchester,"119,841"
New York,Wyoming,"50,025"
New York,Yates,"49,106"
North Carolina,Alamance,"48,218"
North Carolina,Alexander,"46,049"
North Carolina,Alleghany,"44,417"
North Carolina,Anson,"47,342"
North Carolina,Ashe,"44,051"
North Carolina,Avery,"44,675"
North Carolina,Beaufort,"54,638"
North Carolina,Bertie,"48,666"
North Carolina,Bladen,"48,614"
North Carolina,Brunswick,"57,611"
North Carolina,Buncombe,"58,883"
North Carolina,Burke,"44,126"
North Carolina,Cabarrus,"52,883"
North Carolina,Caldwell,"44,196"
North Carolina,Camden,"55,169"
North Carolina,Carteret,"62,138"
North Carolina,Caswell,"41,671"
North Carolina,Catawba,"53,670"
North Carolina,Chatham,"76,790"
North Carolina,Cherokee,"39,646"
North Carolina,Chowan,"50,638"
North Carolina,Clay,"43,764"
North Carolina,Cleveland,"44,548"
North Carolina,Columbus,"44,261"
North Carolina,Craven,"53,991"
North Carolina,Cumberland,"46,001"
North Carolina,Currituck,"57,334"
North Carolina,Dare,"72,122"
North Carolina,Davidson,"48,005"
North Carolina,Davie,"58,880"
North Carolina,Duplin,"52,536"
North Carolina,Durham,"57,849"
North Carolina,Edgecombe,"44,090"
North Carolina,Forsyth,"56,273"
North Carolina,Franklin,"45,785"
North Carolina,Gaston,"48,748"
North Carolina,Gates,"49,434"
North Carolina,Graham,"42,625"
North Carolina,Granville,"46,151"
North Carolina,Greene,"39,616"
North Carolina,Guilford,"54,117"
North Carolina,Halifax,"44,549"
North Carolina,Harnett,"44,164"
North Carolina,Haywood,"49,360"
North Carolina,Henderson,"53,379"
North Carolina,Hertford,"42,073"
North Carolina,Hoke,"41,494"
North Carolina,Hyde,"49,971"
North Carolina,Iredell,"61,688"
North Carolina,Jackson,"44,040"
North Carolina,Johnston,"48,440"
North Carolina,Jones,"50,285"
North Carolina,Lee,"49,392"
North Carolina,Lenoir,"49,888"
North Carolina,Lincoln,"56,061"
North Carolina,McDowell,"43,666"
North Carolina,Macon,"47,209"
North Carolina,Madison,"43,326"
North Carolina,Martin,"43,236"
North Carolina,Mecklenburg,"73,908"
North Carolina,Mitchell,"43,700"
North Carolina,Montgomery,"45,816"
North Carolina,Moore,"61,193"
North Carolina,Nash,"49,903"
North Carolina,New Hanover,"59,914"
North Carolina,Northampton,"47,581"
North Carolina,Onslow,"51,490"
North Carolina,Orange,"75,349"
North Carolina,Pamlico,"52,383"
North Carolina,Pasquotank,"47,094"
North Carolina,Pender,"49,607"
North Carolina,Perquimans,"52,814"
North Carolina,Person,"45,717"
North Carolina,Pitt,"52,716"
North Carolina,Polk,"58,680"
North Carolina,Randolph,"46,031"
North Carolina,Richmond,"44,864"
North Carolina,Robeson,"41,618"
North Carolina,Rockingham,"45,428"
North Carolina,Rowan,"46,221"
North Carolina,Rutherford,"42,065"
North Carolina,Sampson,"46,657"
North Carolina,Scotland,"41,005"
North Carolina,Stanly,"47,273"
North Carolina,Stokes,"46,442"
North Carolina,Surry,"48,060"
North Carolina,Swain,"50,318"
North Carolina,Transylvania,"53,026"
North Carolina,Tyrrell,"47,208"
North Carolina,Union,"64,278"
North Carolina,Vance,"43,909"
North Carolina,Wake,"73,800"
North Carolina,Warren,"38,664"
North Carolina,Washington,"46,449"
North Carolina,Watauga,"46,432"
North Carolina,Wayne,"49,132"
North Carolina,Wilkes,"45,732"
North Carolina,Wilson,"48,558"
North Carolina,Yadkin,"46,694"
North Carolina,Yancey,"41,798"
North Dakota,Adams,"57,266"
North Dakota,Barnes,"66,764"
North Dakota,Benson,"56,756"
North Dakota,Billings,"86,789"
North Dakota,Bottineau,"71,537"
North Dakota,Bowman,"75,237"
North Dakota,Burke,"72,620"
North Dakota,Burleigh,"69,512"
North Dakota,Cass,"67,112"
North Dakota,Cavalier,"89,451"
North Dakota,Dickey,"77,706"
North Dakota,Divide,"62,480"
North Dakota,Dunn,"90,817"
North Dakota,Eddy,"73,202"
North Dakota,Emmons,"76,109"
North Dakota,Foster,"77,624"
North Dakota,Golden Valley,"54,925"
North Dakota,Grand Forks,"58,847"
North Dakota,Grant,"60,309"
North Dakota,Griggs,"74,434"
North Dakota,Hettinger,"58,291"
North Dakota,Kidder,"76,495"
North Dakota,LaMoure,"75,618"
North Dakota,Logan,"69,006"
North Dakota,McHenry,"74,314"
North Dakota,McIntosh,"82,395"
North Dakota,McKenzie,"73,100"
North Dakota,McLean,"78,732"
North Dakota,Mercer,"66,610"
North Dakota,Morton,"60,396"
North Dakota,Mountrail,"73,150"
North Dakota,Nelson,"69,892"
North Dakota,Oliver,"63,168"
North Dakota,Pembina,"79,048"
North Dakota,Pierce,"67,932"
North Dakota,Ramsey,"60,315"
North Dakota,Ransom,"66,596"
North Dakota,Renville,"77,149"
North Dakota,Richland,"62,435"
North Dakota,Rolette,"53,057"
North Dakota,Sargent,"82,428"
North Dakota,Sheridan,"79,425"
North Dakota,Sioux,"37,343"
North Dakota,Slope,"68,663"
North Dakota,Stark,"63,187"
North Dakota,Steele,"85,981"
North Dakota,Stutsman,"61,786"
North Dakota,Towner,"75,292"
North Dakota,Traill,"66,588"
North Dakota,Walsh,"66,545"
North Dakota,Ward,"59,994"
North Dakota,Wells,"81,598"
North Dakota,Williams,"64,464"
Ohio,Adams,"44,026"
Ohio,Allen,"49,896"
Ohio,Ashland,"47,250"
Ohio,Ashtabula,"46,306"
Ohio,Athens,"42,449"
Ohio,Auglaize,"55,346"
Ohio,Belmont,"46,362"
Ohio,Brown,"46,272"
Ohio,Butler,"55,095"
Ohio,Carroll,"47,550"
Ohio,Champaign,"49,260"
Ohio,Clark,"47,344"
Ohio,Clermont,"61,961"
Ohio,Clinton,"50,106"
Ohio,Columbiana,"45,061"
Ohio,Coshocton,"42,623"
Ohio,Crawford,"47,453"
Ohio,Cuyahoga,"62,296"
Ohio,Darke,"52,191"
Ohio,Defiance,"47,593"
Ohio,Delaware,"85,075"
Ohio,Erie,"56,803"
Ohio,Fairfield,"54,653"
Ohio,Fayette,"47,680"
Ohio,Franklin,"59,391"
Ohio,Fulton,"52,939"
Ohio,Gallia,"45,960"
Ohio,Geauga,"79,771"
Ohio,Greene,"59,860"
Ohio,Guernsey,"48,144"
Ohio,Hamilton,"69,556"
Ohio,Hancock,"56,429"
Ohio,Hardin,"40,431"
Ohio,Harrison,"45,862"
Ohio,Henry,"52,631"
Ohio,Highland,"44,521"
Ohio,Hocking,"45,611"
Ohio,Holmes,"54,188"
Ohio,Huron,"48,045"
Ohio,Jackson,"41,896"
Ohio,Jefferson,"45,775"
Ohio,Knox,"51,120"
Ohio,Lake,"58,839"
Ohio,Lawrence,"46,958"
Ohio,Licking,"55,252"
Ohio,Logan,"48,897"
Ohio,Lorain,"54,687"
Ohio,Lucas,"53,287"
Ohio,Madison,"50,802"
Ohio,Mahoning,"51,229"
Ohio,Marion,"42,753"
Ohio,Medina,"64,011"
Ohio,Meigs,"42,730"
Ohio,Mercer,"59,739"
Ohio,Miami,"55,632"
Ohio,Monroe,"43,391"
Ohio,Montgomery,"54,574"
Ohio,Morgan,"43,383"
Ohio,Morrow,"48,606"
Ohio,Muskingum,"49,176"
Ohio,Noble,"31,971"
Ohio,Ottawa,"61,874"
Ohio,Paulding,"48,561"
Ohio,Perry,"46,322"
Ohio,Pickaway,"50,919"
Ohio,Pike,"45,951"
Ohio,Portage,"53,508"
Ohio,Preble,"48,922"
Ohio,Putnam,"58,913"
Ohio,Richland,"45,205"
Ohio,Ross,"45,276"
Ohio,Sandusky,"48,885"
Ohio,Scioto,"45,959"
Ohio,Seneca,"47,926"
Ohio,Shelby,"52,067"
Ohio,Stark,"53,027"
Ohio,Summit,"61,057"
Ohio,Trumbull,"45,780"
Ohio,Tuscarawas,"50,621"
Ohio,Union,"66,880"
Ohio,Van Wert,"49,958"
Ohio,Vinton,"40,853"
Ohio,Warren,"70,482"
Ohio,Washington,"50,345"
Ohio,Wayne,"53,125"
Ohio,Williams,"48,791"
Ohio,Wood,"55,314"
Ohio,Wyandot,"54,769"
Oklahoma,Adair,"40,275"
Oklahoma,Alfalfa,"45,533"
Oklahoma,Atoka,"36,277"
Oklahoma,Beaver,"68,300"
Oklahoma,Beckham,"39,517"
Oklahoma,Blaine,"51,333"
Oklahoma,Bryan,"44,736"
Oklahoma,Caddo,"45,515"
Oklahoma,Canadian,"52,397"
Oklahoma,Carter,"50,134"
Oklahoma,Cherokee,"41,871"
Oklahoma,Choctaw,"41,068"
Oklahoma,Cimarron,"71,759"
Oklahoma,Cleveland,"51,166"
Oklahoma,Coal,"43,400"
Oklahoma,Comanche,"48,279"
Oklahoma,Cotton,"50,941"
Oklahoma,Craig,"43,402"
Oklahoma,Creek,"48,316"
Oklahoma,Custer,"47,447"
Oklahoma,Delaware,"42,227"
Oklahoma,Dewey,"49,183"
Oklahoma,Ellis,"58,132"
Oklahoma,Garfield,"49,013"
Oklahoma,Garvin,"49,826"
Oklahoma,Grady,"48,189"
Oklahoma,Grant,"58,958"
Oklahoma,Greer,"35,233"
Oklahoma,Harmon,"50,094"
Oklahoma,Harper,"60,361"
Oklahoma,Haskell,"42,905"
Oklahoma,Hughes,"49,198"
Oklahoma,Jackson,"49,245"
Oklahoma,Jefferson,"40,166"
Oklahoma,Johnston,"44,844"
Oklahoma,Kay,"48,760"
Oklahoma,Kingfisher,"70,770"
Oklahoma,Kiowa,"45,629"
Oklahoma,Latimer,"39,758"
Oklahoma,Le Flore,"40,215"
Oklahoma,Lincoln,"46,021"
Oklahoma,Logan,"48,345"
Oklahoma,Love,"43,816"
Oklahoma,McClain,"53,986"
Oklahoma,McCurtain,"43,249"
Oklahoma,McIntosh,"42,846"
Oklahoma,Major,"48,584"
Oklahoma,Marshall,"44,512"
Oklahoma,Mayes,"45,371"
Oklahoma,Murray,"49,163"
Oklahoma,Muskogee,"44,821"
Oklahoma,Noble,"50,424"
Oklahoma,Nowata,"44,261"
Oklahoma,Okfuskee,"38,380"
Oklahoma,Oklahoma,"65,617"
Oklahoma,Okmulgee,"42,620"
Oklahoma,Osage,"44,067"
Oklahoma,Ottawa,"46,630"
Oklahoma,Pawnee,"43,340"
Oklahoma,Payne,"45,036"
Oklahoma,Pittsburg,"42,848"
Oklahoma,Pontotoc,"52,269"
Oklahoma,Pottawatomie,"49,898"
Oklahoma,Pushmataha,"40,578"
Oklahoma,Roger Mills,"49,548"
Oklahoma,Rogers,"52,873"
Oklahoma,Seminole,"42,336"
Oklahoma,Sequoyah,"43,237"
Oklahoma,Stephens,"48,378"
Oklahoma,Texas,"61,867"
Oklahoma,Tillman,"40,917"
Oklahoma,Tulsa,"67,314"
Oklahoma,Wagoner,"49,178"
Oklahoma,Washington,"83,921"
Oklahoma,Washita,"41,297"
Oklahoma,Woods,"49,285"
Oklahoma,Woodward,"42,308"
Oregon,Baker,"48,153"
Oregon,Benton,"54,622"
Oregon,Clackamas,"71,666"
Oregon,Clatsop,"54,109"
Oregon,Columbia,"53,365"
Oregon,Coos,"54,462"
Oregon,Crook,"51,877"
Oregon,Curry,"52,039"
Oregon,Deschutes,"70,161"
Oregon,Douglas,"50,343"
Oregon,Gilliam,"63,173"
Oregon,Grant,"50,829"
Oregon,Harney,"49,214"
Oregon,Hood River,"65,658"
Oregon,Jackson,"56,928"
Oregon,Jefferson,"43,768"
Oregon,Josephine,"51,979"
Oregon,Klamath,"47,364"
Oregon,Lake,"47,456"
Oregon,Lane,"55,942"
Oregon,Lincoln,"53,680"
Oregon,Linn,"51,999"
Oregon,Malheur,"38,168"
Oregon,Marion,"53,768"
Oregon,Morrow,"51,624"
Oregon,Multnomah,"69,829"
Oregon,Polk,"49,620"
Oregon,Sherman,"62,413"
Oregon,Tillamook,"54,306"
Oregon,Umatilla,"48,257"
Oregon,Union,"48,736"
Oregon,Wallowa,"52,995"
Oregon,Wasco,"52,440"
Oregon,Washington,"71,530"
Oregon,Wheeler,"41,160"
Oregon,Yamhill,"55,923"
Pennsylvania,Adams,"55,818"
Pennsylvania,Allegheny,"70,137"
Pennsylvania,Armstrong,"53,745"
Pennsylvania,Beaver,"55,306"
Pennsylvania,Bedford,"49,928"
Pennsylvania,Berks,"58,311"
Pennsylvania,Blair,"55,162"
Pennsylvania,Bradford,"48,065"
Pennsylvania,Bucks,"84,470"
Pennsylvania,Butler,"68,368"
Pennsylvania,Cambria,"48,961"
Pennsylvania,Cameron,"51,780"
Pennsylvania,Carbon,"60,293"
Pennsylvania,Centre,"55,107"
Pennsylvania,Chester,"97,652"
Pennsylvania,Clarion,"47,622"
Pennsylvania,Clearfield,"53,767"
Pennsylvania,Clinton,"46,713"
Pennsylvania,Columbia,"50,403"
Pennsylvania,Crawford,"48,478"
Pennsylvania,Cumberland,"64,472"
Pennsylvania,Dauphin,"58,362"
Pennsylvania,Delaware,"76,589"
Pennsylvania,Elk,"50,850"
Pennsylvania,Erie,"52,048"
Pennsylvania,Fayette,"49,601"
Pennsylvania,Forest,"28,672"
Pennsylvania,Franklin,"55,125"
Pennsylvania,Fulton,"49,404"
Pennsylvania,Greene,"49,233"
Pennsylvania,Huntingdon,"45,915"
Pennsylvania,Indiana,"46,832"
Pennsylvania,Jefferson,"48,436"
Pennsylvania,Juniata,"56,770"
Pennsylvania,Lackawanna,"54,823"
Pennsylvania,Lancaster,"61,775"
Pennsylvania,Lawrence,"51,655"
Pennsylvania,Lebanon,"55,937"
Pennsylvania,Lehigh,"62,366"
Pennsylvania,Luzerne,"51,638"
Pennsylvania,Lycoming,"50,730"
Pennsylvania,McKean,"49,211"
Pennsylvania,Mercer,"48,579"
Pennsylvania,Mifflin,"46,297"
Pennsylvania,Monroe,"51,931"
Pennsylvania,Montgomery,"90,513"
Pennsylvania,Montour,"64,648"
Pennsylvania,Northampton,"62,610"
Pennsylvania,Northumberland,"48,053"
Pennsylvania,Perry,"54,562"
Pennsylvania,Philadelphia,"57,731"
Pennsylvania,Pike,"55,706"
Pennsylvania,Potter,"50,979"
Pennsylvania,Schuylkill,"49,312"
Pennsylvania,Snyder,"51,131"
Pennsylvania,Somerset,"48,880"
Pennsylvania,Sullivan,"55,929"
Pennsylvania,Susquehanna,"57,016"
Pennsylvania,Tioga,"46,432"
Pennsylvania,Union,"50,578"
Pennsylvania,Venango,"49,658"
Pennsylvania,Warren,"49,258"
Pennsylvania,Washington,"66,042"
Pennsylvania,Wayne,"53,475"
Pennsylvania,Westmoreland,"59,765"
Pennsylvania,Wyoming,"54,394"
Pennsylvania,York,"57,656"
Rhode Island,Bristol,"86,753"
Rhode Island,Kent,"66,746"
Rhode Island,Newport,"82,984"
Rhode Island,Providence,"55,384"
Rhode Island,Washington,"79,691"
South Carolina,Abbeville,"40,219"
South Carolina,Aiken,"51,458"
South Carolina,Allendale,"40,888"
South Carolina,Anderson,"47,164"
South Carolina,Bamberg,"40,052"
South Carolina,Barnwell,"40,096"
South Carolina,Beaufort,"70,506"
South Carolina,Berkeley,"49,582"
South Carolina,Calhoun,"50,139"
South Carolina,Charleston,"73,838"
South Carolina,Cherokee,"39,073"
South Carolina,Chester,"41,348"
South Carolina,Chesterfield,"39,243"
South Carolina,Clarendon,"45,667"
South Carolina,Colleton,"42,253"
South Carolina,Darlington,"46,986"
South Carolina,Dillon,"39,685"
South Carolina,Dorchester,"46,857"
South Carolina,Edgefield,"48,960"
South Carolina,Fairfield,"49,145"
South Carolina,Florence,"51,183"
South Carolina,Georgetown,"56,852"
South Carolina,Greenville,"55,755"
South Carolina,Greenwood,"43,953"
South Carolina,Hampton,"40,594"
South Carolina,Horry,"47,592"
South Carolina,Jasper,"42,070"
South Carolina,Kershaw,"51,601"
South Carolina,Lancaster,"53,048"
South Carolina,Laurens,"42,450"
South Carolina,Lee,"41,315"
South Carolina,Lexington,"55,915"
South Carolina,McCormick,"44,265"
South Carolina,Marion,"41,176"
South Carolina,Marlboro,"38,444"
South Carolina,Newberry,"46,911"
South Carolina,Oconee,"53,299"
South Carolina,Orangeburg,"42,145"
South Carolina,Pickens,"45,228"
South Carolina,Richland,"53,387"
South Carolina,Saluda,"43,990"
South Carolina,Spartanburg,"52,220"
South Carolina,Sumter,"46,605"
South Carolina,Union,"38,427"
South Carolina,Williamsburg,"39,668"
South Carolina,York,"56,774"
South Dakota,Aurora,"54,747"
South Dakota,Beadle,"56,759"
South Dakota,Bennett,"44,351"
South Dakota,Bon Homme,"47,770"
South Dakota,Brookings,"54,831"
South Dakota,Brown,"67,695"
South Dakota,Brule,"60,387"
South Dakota,Buffalo,"33,505"
South Dakota,Butte,"46,801"
South Dakota,Campbell,"82,295"
South Dakota,Charles Mix,"51,013"
South Dakota,Clark,"73,698"
South Dakota,Clay,"44,920"
South Dakota,Codington,"64,240"
South Dakota,Corson,"39,646"
South Dakota,Custer,"61,527"
South Dakota,Davison,"59,766"
South Dakota,Day,"67,018"
South Dakota,Deuel,"66,082"
South Dakota,Dewey,"54,997"
South Dakota,Douglas,"68,632"
South Dakota,Edmunds,"87,614"
South Dakota,Fall River,"53,899"
South Dakota,Faulk,"84,995"
South Dakota,Grant,"65,197"
South Dakota,Gregory,"57,815"
South Dakota,Haakon,"73,286"
South Dakota,Hamlin,"61,446"
South Dakota,Hand,"81,519"
South Dakota,Hanson,"74,030"
South Dakota,Harding,"57,502"
South Dakota,Hughes,"62,042"
South Dakota,Hutchinson,"64,844"
South Dakota,Hyde,"71,663"
South Dakota,Jackson,"40,827"
South Dakota,Jerauld,"65,770"
South Dakota,Jones,"84,385"
South Dakota,Kingsbury,"72,645"
South Dakota,Lake,"70,245"
South Dakota,Lawrence,"66,207"
South Dakota,Lincoln,"79,995"
South Dakota,Lyman,"54,459"
South Dakota,McCook,"67,588"
South Dakota,McPherson,"70,911"
South Dakota,Marshall,"71,189"
South Dakota,Meade,"52,087"
South Dakota,Mellette,"45,277"
South Dakota,Miner,"67,061"
South Dakota,Minnehaha,"69,839"
South Dakota,Moody,"66,348"
South Dakota,Oglala Lakota,"36,389"
South Dakota,Pennington,"66,694"
South Dakota,Perkins,"51,498"
South Dakota,Potter,"77,291"
South Dakota,Roberts,"50,263"
South Dakota,Sanborn,"59,390"
South Dakota,Spink,"81,013"
South Dakota,Stanley,"77,798"
South Dakota,Sully,"97,675"
South Dakota,Todd,"37,288"
South Dakota,Tripp,"61,145"
South Dakota,Turner,"65,085"
South Dakota,Union,"115,020"
South Dakota,Walworth,"61,497"
South Dakota,Yankton,"62,316"
South Dakota,Ziebach,"31,943"
Tennessee,Anderson,"51,064"
Tennessee,Bedford,"45,761"
Tennessee,Benton,"41,473"
Tennessee,Bledsoe,"34,055"
Tennessee,Blount,"52,513"
Tennessee,Bradley,"46,415"
Tennessee,Campbell,"42,248"
Tennessee,Cannon,"44,121"
Tennessee,Carroll,"41,212"
Tennessee,Carter,"40,624"
Tennessee,Cheatham,"53,463"
Tennessee,Chester,"40,924"
Tennessee,Claiborne,"41,767"
Tennessee,Clay,"39,096"
Tennessee,Cocke,"40,950"
Tennessee,Coffee,"46,640"
Tennessee,Crockett,"48,976"
Tennessee,Cumberland,"44,560"
Tennessee,Davidson,"81,145"
Tennessee,Decatur,"49,092"
Tennessee,DeKalb,"48,171"
Tennessee,Dickson,"50,306"
Tennessee,Dyer,"51,339"
Tennessee,Fayette,"71,259"
Tennessee,Fentress,"41,998"
Tennessee,Franklin,"46,207"
Tennessee,Gibson,"46,593"
Tennessee,Giles,"43,778"
Tennessee,Grainger,"42,480"
Tennessee,Greene,"42,233"
Tennessee,Grundy,"38,900"
Tennessee,Hamblen,"46,418"
Tennessee,Hamilton,"59,362"
Tennessee,Hancock,"33,214"
Tennessee,Hardeman,"36,175"
Tennessee,Hardin,"44,676"
Tennessee,Hawkins,"41,291"
Tennessee,Haywood,"40,537"
Tennessee,Henderson,"46,066"
Tennessee,Henry,"51,367"
Tennessee,Hickman,"42,155"
Tennessee,Houston,"39,183"
Tennessee,Humphreys,"44,149"
Tennessee,Jackson,"37,929"
Tennessee,Jefferson,"44,665"
Tennessee,Johnson,"38,619"
Tennessee,Knox,"62,028"
Tennessee,Lake,"32,861"
Tennessee,Lauderdale,"41,322"
Tennessee,Lawrence,"41,852"
Tennessee,Lewis,"41,660"
Tennessee,Lincoln,"48,689"
Tennessee,Loudon,"63,918"
Tennessee,McMinn,"43,378"
Tennessee,McNairy,"38,688"
Tennessee,Macon,"39,152"
Tennessee,Madison,"51,864"
Tennessee,Marion,"47,327"
Tennessee,Marshall,"47,337"
Tennessee,Maury,"51,733"
Tennessee,Meigs,"39,679"
Tennessee,Monroe,"42,035"
Tennessee,Montgomery,"49,203"
Tennessee,Moore,"47,524"
Tennessee,Morgan,"37,198"
Tennessee,Obion,"48,908"
Tennessee,Overton,"40,368"
Tennessee,Perry,"37,262"
Tennessee,Pickett,"41,894"
Tennessee,Polk,"39,928"
Tennessee,Putnam,"47,897"
Tennessee,Rhea,"43,419"
Tennessee,Roane,"49,794"
Tennessee,Robertson,"51,450"
Tennessee,Rutherford,"49,876"
Tennessee,Scott,"37,597"
Tennessee,Sequatchie,"45,420"
Tennessee,Sevier,"51,238"
Tennessee,Shelby,"58,844"
Tennessee,Smith,"47,245"
Tennessee,Stewart,"48,851"
Tennessee,Sullivan,"50,326"
Tennessee,Sumner,"59,811"
Tennessee,Tipton,"49,682"
Tennessee,Trousdale,"37,377"
Tennessee,Unicoi,"42,610"
Tennessee,Union,"40,895"
Tennessee,Van Buren,"36,458"
Tennessee,Warren,"42,017"
Tennessee,Washington,"52,468"
Tennessee,Wayne,"35,675"
Tennessee,Weakley,"45,338"
Tennessee,White,"41,579"
Tennessee,Williamson,"111,083"
Tennessee,Wilson,"62,361"
Texas,Anderson,"43,172"
Texas,Andrews,"51,683"
Texas,Angelina,"46,996"
Texas,Aransas,"62,258"
Texas,Archer,"60,443"
Texas,Armstrong,"59,930"
Texas,Atascosa,"46,328"
Texas,Austin,"60,773"
Texas,Bailey,"52,162"
Texas,Bandera,"58,537"
Texas,Bastrop,"43,681"
Texas,Baylor,"57,678"
Texas,Bee,"34,810"
Texas,Bell,"50,199"
Texas,Bexar,"52,141"
Texas,Blanco,"73,535"
Texas,Borden,"97,356"
Texas,Bosque,"51,979"
Texas,Bowie,"49,603"
Texas,Brazoria,"56,561"
Texas,Brazos,"46,708"
Texas,Brewster,"57,357"
Texas,Briscoe,"62,395"
Texas,Brooks,"42,697"
Texas,Brown,"46,510"
Texas,Burleson,"55,125"
Texas,Burnet,"63,580"
Texas,Caldwell,"40,204"
Texas,Calhoun,"64,039"
Texas,Callahan,"49,893"
Texas,Cameron,"38,001"
Texas,Camp,"48,478"
Texas,Carson,"56,869"
Texas,Cass,"46,496"
Texas,Castro,"84,491"
Texas,Chambers,"60,342"
Texas,Cherokee,"43,459"
Texas,Childress,"39,620"
Texas,Clay,"52,563"
Texas,Cochran,"56,713"
Texas,Coke,"50,657"
Texas,Coleman,"56,792"
Texas,Collin,"78,591"
Texas,Collingsworth,"54,313"
Texas,Colorado,"61,752"
Texas,Comal,"72,193"
Texas,Comanche,"50,164"
Texas,Concho,"38,290"
Texas,Cooke,"58,955"
Texas,Coryell,"37,621"
Texas,Cottle,"68,457"
Texas,Crane,"49,943"
Texas,Crockett,"60,362"
Texas,Crosby,"53,018"
Texas,Culberson,"70,000"
Texas,Dallam,"70,237"
Texas,Dallas,"72,668"
Texas,Dawson,"46,946"
Texas,Deaf Smith,"62,075"
Texas,Delta,"47,015"
Texas,Denton,"71,210"
Texas,DeWitt,"67,354"
Texas,Dickens,"48,896"
Texas,Dimmit,"52,710"
Texas,Donley,"47,498"
Texas,Duval,"47,811"
Texas,Eastland,"53,662"
Texas,Ector,"52,703"
Texas,Edwards,"70,578"
Texas,Ellis,"54,057"
Texas,El Paso,"44,118"
Texas,Erath,"48,295"
Texas,Falls,"42,966"
Texas,Fannin,"46,923"
Texas,Fayette,"69,185"
Texas,Fisher,"57,105"
Texas,Floyd,"53,180"
Texas,Foard,"61,691"
Texas,Fort Bend,"67,436"
Texas,Franklin,"51,396"
Texas,Freestone,"44,800"
Texas,Frio,"38,827"
Texas,Gaines,"48,319"
Texas,Galveston,"59,671"
Texas,Garza,"32,543"
Texas,Gillespie,"81,855"
Texas,Glasscock,"125,020"
Texas,Goliad,"56,184"
Texas,Gonzales,"57,880"
Texas,Gray,"46,404"
Texas,Grayson,"52,873"
Texas,Gregg,"54,584"
Texas,Grimes,"43,056"
Texas,Guadalupe,"53,556"
Texas,Hale,"42,482"
Texas,Hall,"49,651"
Texas,Hamilton,"62,424"
Texas,Hansford,"77,853"
Texas,Hardeman,"53,464"
Texas,Hardin,"53,392"
Texas,Harris,"66,140"
Texas,Harrison,"47,757"
Texas,Hartley,"82,805"
Texas,Haskell,"53,258"
Texas,Hays,"57,467"
Texas,Hemphill,"70,226"
Texas,Henderson,"48,619"
Texas,Hidalgo,"34,614"
Texas,Hill,"49,614"
Texas,Hockley,"50,008"
Texas,Hood,"62,066"
Texas,Hopkins,"50,455"
Texas,Houston,"49,612"
Texas,Howard,"53,212"
Texas,Hudspeth,"37,386"
Texas,Hunt,"47,619"
Texas,Hutchinson,"48,035"
Texas,Irion,"75,708"
Texas,Jack,"46,142"
Texas,Jackson,"51,585"
Texas,Jasper,"50,477"
Texas,Jeff Davis,"58,390"
Texas,Jefferson,"47,792"
Texas,Jim Hogg,"41,533"
Texas,Jim Wells,"48,106"
Texas,Johnson,"51,845"
Texas,Jones,"39,341"
Texas,Karnes,"77,707"
Texas,Kaufman,"50,826"
Texas,Kendall,"102,056"
Texas,Kenedy,"41,424"
Texas,Kent,"55,115"
Texas,Kerr,"62,829"
Texas,Kimble,"55,154"
Texas,King,"87,145"
Texas,Kinney,"41,530"
Texas,Kleberg,"45,409"
Texas,Knox,"51,290"
Texas,Lamar,"51,267"
Texas,Lamb,"54,245"
Texas,Lampasas,"60,110"
Texas,La Salle,"49,123"
Texas,Lavaca,"63,657"
Texas,Lee,"58,043"
Texas,Leon,"54,423"
Texas,Liberty,"41,917"
Texas,Limestone,"47,639"
Texas,Lipscomb,"108,653"
Texas,Live Oak,"46,342"
Texas,Llano,"62,609"
Texas,Loving,"123,456"
Texas,Lubbock,"51,876"
Texas,Lynn,"59,918"
Texas,McCulloch,"47,871"
Texas,McLennan,"49,932"
Texas,McMullen,"107,174"
Texas,Madison,"41,268"
Texas,Marion,"48,523"
Texas,Martin,"91,729"
Texas,Mason,"56,246"
Texas,Matagorda,"51,024"
Texas,Maverick,"38,647"
Texas,Medina,"50,021"
Texas,Menard,"47,602"
Texas,Midland,"124,672"
Texas,Milam,"46,159"
Texas,Mills,"52,391"
Texas,Mitchell,"36,833"
Texas,Montague,"47,049"
Texas,Montgomery,"71,933"
Texas,Moore,"55,718"
Texas,Morris,"47,308"
Texas,Motley,"38,819"
Texas,Nacogdoches,"46,195"
Texas,Navarro,"45,353"
Texas,Newton,"43,218"
Texas,Nolan,"52,478"
Texas,Nueces,"54,159"
Texas,Ochiltree,"62,826"
Texas,Oldham,"74,449"
Texas,Orange,"49,472"
Texas,Palo Pinto,"51,733"
Texas,Panola,"53,383"
Texas,Parker,"67,169"
Texas,Parmer,"64,238"
Texas,Pecos,"43,092"
Texas,Polk,"48,165"
Texas,Potter,"55,586"
Texas,Presidio,"58,195"
Texas,Rains,"41,894"
Texas,Randall,"56,767"
Texas,Reagan,"61,215"
Texas,Real,"57,304"
Texas,Red River,"52,208"
Texas,Reeves,"57,562"
Texas,Refugio,"54,376"
Texas,Roberts,"54,883"
Texas,Robertson,"52,179"
Texas,Rockwall,"71,774"
Texas,Runnels,"50,917"
Texas,Rusk,"44,326"
Texas,Sabine,"46,167"
Texas,San Augustine,"51,754"
Texas,San Jacinto,"44,957"
Texas,San Patricio,"51,096"
Texas,San Saba,"43,304"
Texas,Schleicher,"52,201"
Texas,Scurry,"46,933"
Texas,Shackelford,"99,776"
Texas,Shelby,"55,952"
Texas,Sherman,"127,917"
Texas,Smith,"63,074"
Texas,Somervell,"56,820"
Texas,Starr,"33,336"
Texas,Stephens,"46,027"
Texas,Sterling,"64,415"
Texas,Stonewall,"86,199"
Texas,Sutton,"68,815"
Texas,Swisher,"72,194"
Texas,Tarrant,"60,489"
Texas,Taylor,"54,611"
Texas,Terrell,"58,526"
Texas,Terry,"45,150"
Texas,Throckmorton,"66,334"
Texas,Titus,"48,252"
Texas,Tom Green,"60,826"
Texas,Travis,"82,012"
Texas,Trinity,"46,329"
Texas,Tyler,"43,240"
Texas,Upshur,"44,285"
Texas,Upton,"62,686"
Texas,Uvalde,"53,242"
Texas,Val Verde,"47,393"
Texas,Van Zandt,"45,400"
Texas,Victoria,"57,490"
Texas,Walker,"33,637"
Texas,Waller,"50,441"
Texas,Ward,"54,995"
Texas,Washington,"70,320"
Texas,Webb,"41,051"
Texas,Wharton,"53,381"
Texas,Wheeler,"48,644"
Texas,Wichita,"50,339"
Texas,Wilbarger,"55,610"
Texas,Willacy,"37,424"
Texas,Williamson,"63,679"
Texas,Wilson,"56,138"
Texas,Winkler,"62,196"
Texas,Wise,"54,460"
Texas,Wood,"47,784"
Texas,Yoakum,"49,937"
Texas,Young,"60,276"
Texas,Zapata,"33,132"
Texas,Zavala,"42,985"
Utah,Beaver,"44,453"
Utah,Box Elder,"44,844"
Utah,Cache,"48,424"
Utah,Carbon,"45,530"
Utah,Daggett,"49,178"
Utah,Davis,"55,832"
Utah,Duchesne,"44,453"
Utah,Emery,"38,943"
Utah,Garfield,"50,778"
Utah,Grand,"67,136"
Utah,Iron,"39,157"
Utah,Juab,"47,768"
Utah,Kane,"51,988"
Utah,Millard,"44,325"
Utah,Morgan,"64,614"
Utah,Piute,"47,928"
Utah,Rich,"44,091"
Utah,Salt Lake,"63,558"
Utah,San Juan,"34,247"
Utah,Sanpete,"39,845"
Utah,Sevier,"42,438"
Utah,Summit,"205,410"
Utah,Tooele,"44,851"
Utah,Uintah,"35,348"
Utah,Utah,"51,103"
Utah,Wasatch,"76,488"
Utah,Washington,"49,425"
Utah,Wayne,"50,133"
Utah,Weber,"49,498"
Utah,,
Utah,Vermont,"61,214"
Utah,Addison,"59,842"
Utah,Bennington,"58,412"
Utah,Caledonia,"50,256"
Utah,Chittenden,"67,969"
Utah,Essex,"45,679"
Utah,Franklin,"54,588"
Utah,Grand Isle,"68,680"
Utah,Lamoille,"61,461"
Utah,Orange,"55,304"
Utah,Orleans,"52,213"
Utah,Rutland,"56,441"
Utah,Washington,"67,021"
Utah,Windham,"55,590"
Utah,Windsor,"66,958"
Virginia,Accomack,"56,453"
Virginia,Amelia,"50,324"
Virginia,Amherst,"44,049"
Virginia,Appomattox,"45,438"
Virginia,Arlington,"108,980"
Virginia,Bath,"69,468"
Virginia,Bedford,"53,650"
Virginia,Bland,"42,162"
Virginia,Botetourt,"57,273"
Virginia,Brunswick,"40,267"
Virginia,Buchanan,"43,165"
Virginia,Buckingham,"37,026"
Virginia,Caroline,"50,548"
Virginia,Charles City,"56,703"
Virginia,Charlotte,"44,074"
Virginia,Chesterfield,"62,033"
Virginia,Clarke,"75,346"
Virginia,Craig,"46,315"
Virginia,Culpeper,"54,266"
Virginia,Cumberland,"45,265"
Virginia,Dickenson,"40,480"
Virginia,Essex,"51,462"
Virginia,Fauquier,"79,392"
Virginia,Floyd,"47,556"
Virginia,Fluvanna,"52,434"
Virginia,Franklin,"50,783"
Virginia,Giles,"48,074"
Virginia,Gloucester,"56,313"
Virginia,Goochland,"110,612"
Virginia,Grayson,"37,923"
Virginia,Greene,"50,185"
Virginia,Halifax,"43,237"
Virginia,Hanover,"69,263"
Virginia,Henrico,"74,225"
Virginia,Highland,"48,161"
Virginia,Isle of Wight,"62,139"
Virginia,King and Queen,"54,839"
Virginia,King George,"62,938"
Virginia,King William,"53,554"
Virginia,Lancaster,"69,654"
Virginia,Lee,"37,809"
Virginia,Loudoun,"92,163"
Virginia,Louisa,"50,390"
Virginia,Lunenburg,"39,493"
Virginia,Madison,"55,251"
Virginia,Mathews,"65,601"
Virginia,Mecklenburg,"46,240"
Virginia,Middlesex,"58,916"
Virginia,Nelson,"62,809"
Virginia,New Kent,"96,350"
Virginia,Northampton,"66,944"
Virginia,Northumberland,"62,129"
Virginia,Nottoway,"42,482"
Virginia,Orange,"59,065"
Virginia,Page,"46,386"
Virginia,Patrick,"39,098"
Virginia,Powhatan,"64,880"
Virginia,Prince Edward,"38,914"
Virginia,Pulaski,"46,473"
Virginia,Rappahannock,"76,658"
Virginia,Richmond,"43,849"
Virginia,Russell,"39,578"
Virginia,Scott,"38,845"
Virginia,Shenandoah,"54,485"
Virginia,Smyth,"43,209"
Virginia,Stafford,"62,717"
Virginia,Surry,"51,886"
Virginia,Sussex,"38,068"
Virginia,Tazewell,"42,923"
Virginia,Warren,"54,916"
Virginia,Westmoreland,"50,698"
Virginia,Wythe,"43,121"
Washington,Adams,"47,196"
Washington,Asotin,"53,209"
Washington,Benton,"54,663"
Washington,Chelan,"62,422"
Washington,Clallam,"55,026"
Washington,Clark,"63,923"
Washington,Columbia,"60,341"
Washington,Cowlitz,"54,131"
Washington,Douglas,"49,319"
Washington,Ferry,"46,528"
Washington,Franklin,"46,781"
Washington,Garfield,"56,136"
Washington,Grant,"48,927"
Washington,Grays Harbor,"47,304"
Washington,Island,"63,973"
Washington,Jefferson,"61,489"
Washington,King,"111,117"
Washington,Kitsap,"66,919"
Washington,Kittitas,"55,250"
Washington,Klickitat,"54,250"
Washington,Lewis,"51,688"
Washington,Lincoln,"53,383"
Washington,Mason,"51,104"
Washington,Okanogan,"50,688"
Washington,Pacific,"47,323"
Washington,Pend Oreille,"49,572"
Washington,Pierce,"59,466"
Washington,San Juan,"84,969"
Washington,Skagit,"62,412"
Washington,Skamania,"61,570"
Washington,Snohomish,"67,885"
Washington,Spokane,"54,474"
Washington,Stevens,"47,157"
Washington,Thurston,"59,001"
Washington,Wahkiakum,"49,604"
Washington,Walla Walla,"54,897"
Washington,Whatcom,"58,581"
Washington,Whitman,"51,235"
Washington,Yakima,"49,637"
West Virginia,Barbour,"40,850"
West Virginia,Berkeley,"51,249"
West Virginia,Boone,"41,306"
West Virginia,Braxton,"40,732"
West Virginia,Brooke,"49,183"
West Virginia,Cabell,"49,977"
West Virginia,Calhoun,"41,735"
West Virginia,Clay,"38,819"
West Virginia,Doddridge,"37,305"
West Virginia,Fayette,"44,327"
West Virginia,Gilmer,"35,155"
West Virginia,Grant,"45,794"
West Virginia,Greenbrier,"47,207"
West Virginia,Hampshire,"45,450"
West Virginia,Hancock,"50,108"
West Virginia,Hardy,"40,786"
West Virginia,Harrison,"57,617"
West Virginia,Jackson,"45,039"
West Virginia,Jefferson,"61,633"
West Virginia,Kanawha,"55,950"
West Virginia,Lewis,"43,661"
West Virginia,Lincoln,"36,733"
West Virginia,Logan,"42,251"
West Virginia,McDowell,"33,979"
West Virginia,Marion,"48,983"
West Virginia,Marshall,"47,095"
West Virginia,Mason,"42,060"
West Virginia,Mercer,"44,605"
West Virginia,Mineral,"49,460"
West Virginia,Mingo,"36,541"
West Virginia,Monongalia,"54,245"
West Virginia,Monroe,"40,916"
West Virginia,Morgan,"45,602"
West Virginia,Nicholas,"40,452"
West Virginia,Ohio,"64,371"
West Virginia,Pendleton,"50,217"
West Virginia,Pleasants,"48,406"
West Virginia,Pocahontas,"51,038"
West Virginia,Preston,"42,639"
West Virginia,Putnam,"53,968"
West Virginia,Raleigh,"47,566"
West Virginia,Randolph,"45,660"
West Virginia,Ritchie,"52,021"
West Virginia,Roane,"39,228"
West Virginia,Summers,"42,791"
West Virginia,Taylor,"48,851"
West Virginia,Tucker,"53,215"
West Virginia,Tyler,"50,394"
West Virginia,Upshur,"40,959"
West Virginia,Wayne,"40,917"
West Virginia,Webster,"33,543"
West Virginia,Wetzel,"43,917"
West Virginia,Wirt,"40,977"
West Virginia,Wood,"55,537"
West Virginia,Wyoming,"34,573"
Wisconsin,Adams,"46,112"
Wisconsin,Ashland,"46,557"
Wisconsin,Barron,"56,928"
Wisconsin,Bayfield,"53,818"
Wisconsin,Brown,"60,799"
Wisconsin,Buffalo,"54,431"
Wisconsin,Burnett,"48,389"
Wisconsin,Calumet,"58,066"
Wisconsin,Chippewa,"53,732"
Wisconsin,Clark,"50,125"
Wisconsin,Columbia,"60,878"
Wisconsin,Crawford,"50,089"
Wisconsin,Dane,"72,511"
Wisconsin,Dodge,"51,562"
Wisconsin,Door,"70,363"
Wisconsin,Douglas,"49,342"
Wisconsin,Dunn,"49,794"
Wisconsin,Eau Claire,"56,403"
Wisconsin,Florence,"61,327"
Wisconsin,Fond du Lac,"56,667"
Wisconsin,Forest,"46,167"
Wisconsin,Grant,"51,475"
Wisconsin,Green,"60,288"
Wisconsin,Green Lake,"51,152"
Wisconsin,Iowa,"58,191"
Wisconsin,Iron,"53,379"
Wisconsin,Jackson,"50,110"
Wisconsin,Jefferson,"53,886"
Wisconsin,Juneau,"46,547"
Wisconsin,Kenosha,"56,471"
Wisconsin,Kewaunee,"56,598"
Wisconsin,La Crosse,"59,705"
Wisconsin,Lafayette,"50,750"
Wisconsin,Langlade,"51,018"
Wisconsin,Lincoln,"52,544"
Wisconsin,Manitowoc,"53,633"
Wisconsin,Marathon,"59,089"
Wisconsin,Marinette,"51,745"
Wisconsin,Marquette,"48,932"
Wisconsin,Menominee,"41,300"
Wisconsin,Milwaukee,"55,965"
Wisconsin,Monroe,"49,825"
Wisconsin,Oconto,"53,227"
Wisconsin,Oneida,"55,494"
Wisconsin,Outagamie,"59,276"
Wisconsin,Ozaukee,"95,076"
Wisconsin,Pepin,"59,472"
Wisconsin,Pierce,"57,563"
Wisconsin,Polk,"53,479"
Wisconsin,Portage,"54,681"
Wisconsin,Price,"51,261"
Wisconsin,Racine,"56,680"
Wisconsin,Richland,"50,606"
Wisconsin,Rock,"51,955"
Wisconsin,Rusk,"52,068"
Wisconsin,St. Croix,"65,129"
Wisconsin,Sauk,"62,446"
Wisconsin,Sawyer,"51,291"
Wisconsin,Shawano,"50,004"
Wisconsin,Sheboygan,"58,813"
Wisconsin,Taylor,"50,581"
Wisconsin,Trempealeau,"50,846"
Wisconsin,Vernon,"49,833"
Wisconsin,Vilas,"59,002"
Wisconsin,Walworth,"61,316"
Wisconsin,Washburn,"55,481"
Wisconsin,Washington,"66,651"
Wisconsin,Waukesha,"84,113"
Wisconsin,Waupaca,"53,368"
Wisconsin,Waushara,"46,976"
Wisconsin,Winnebago,"56,253"
Wisconsin,Wood,"52,678"
Wyoming,Albany,"49,551"
Wyoming,Big Horn,"46,449"
Wyoming,Campbell,"55,649"
Wyoming,Carbon,"63,190"
Wyoming,Converse,"64,817"
Wyoming,Crook,"54,778"
Wyoming,Fremont,"50,897"
Wyoming,Goshen,"50,662"
Wyoming,Hot Springs,"71,660"
Wyoming,Johnson,"60,771"
Wyoming,Laramie,"58,724"
Wyoming,Lincoln,"61,303"
Wyoming,Natrona,"66,986"
Wyoming,Niobrara,"56,356"
Wyoming,Park,"62,836"
Wyoming,Platte,"54,039"
Wyoming,Sheridan,"65,011"
Wyoming,Sublette,"59,865"
Wyoming,Sweetwater,"56,252"
Wyoming,Teton,"362,522"
Wyoming,Uinta,"44,358"
Wyoming,Washakie,"54,898"
Wyoming,Weston,"49,734"